"kpi_result_id","municipality_id","kpi_id","month_start_date","current_value","target","threshold","state"
"KR-M001-KPI-VDQ-01-202501","M001","KPI-VDQ-01","2025-01-01","0.8462","0.85","0.75","approaching"
"KR-M001-KPI-SRC-02-202501","M001","KPI-SRC-02","2025-01-01","0.9254","0.9","0.85","meeting"
"KR-M001-KPI-PIT-03-202501","M001","KPI-PIT-03","2025-01-01","5.7","5","7","approaching"
"KR-M001-KPI-USC-04-202501","M001","KPI-USC-04","2025-01-01","0.947","0.95","0.93","approaching"
"KR-M001-KPI-ERR-05-202501","M001","KPI-ERR-05","2025-01-01","0.816","0.8","0.75","meeting"
"KR-M001-KPI-CSI-06-202501","M001","KPI-CSI-06","2025-01-01","0.767","0.75","0.7","meeting"
"KR-M001-KPI-VDQ-01-202502","M001","KPI-VDQ-01","2025-02-01","0.8462","0.85","0.75","approaching"
"KR-M001-KPI-SRC-02-202502","M001","KPI-SRC-02","2025-02-01","0.9265","0.9","0.85","meeting"
"KR-M001-KPI-PIT-03-202502","M001","KPI-PIT-03","2025-02-01","5.7","5","7","approaching"
"KR-M001-KPI-USC-04-202502","M001","KPI-USC-04","2025-02-01","0.947","0.95","0.93","approaching"
"KR-M001-KPI-ERR-05-202502","M001","KPI-ERR-05","2025-02-01","0.816","0.8","0.75","meeting"
"KR-M001-KPI-CSI-06-202502","M001","KPI-CSI-06","2025-02-01","0.767","0.75","0.7","meeting"
"KR-M001-KPI-VDQ-01-202503","M001","KPI-VDQ-01","2025-03-01","0.8462","0.85","0.75","approaching"
"KR-M001-KPI-SRC-02-202503","M001","KPI-SRC-02","2025-03-01","0.9275","0.9","0.85","meeting"
"KR-M001-KPI-PIT-03-202503","M001","KPI-PIT-03","2025-03-01","5.7","5","7","approaching"
"KR-M001-KPI-USC-04-202503","M001","KPI-USC-04","2025-03-01","0.947","0.95","0.93","approaching"
"KR-M001-KPI-ERR-05-202503","M001","KPI-ERR-05","2025-03-01","0.816","0.8","0.75","meeting"
"KR-M001-KPI-CSI-06-202503","M001","KPI-CSI-06","2025-03-01","0.767","0.75","0.7","meeting"
"KR-M001-KPI-VDQ-01-202504","M001","KPI-VDQ-01","2025-04-01","0.8462","0.85","0.75","approaching"
"KR-M001-KPI-SRC-02-202504","M001","KPI-SRC-02","2025-04-01","0.9286","0.9","0.85","meeting"
"KR-M001-KPI-PIT-03-202504","M001","KPI-PIT-03","2025-04-01","5.7","5","7","approaching"
"KR-M001-KPI-USC-04-202504","M001","KPI-USC-04","2025-04-01","0.947","0.95","0.93","approaching"
"KR-M001-KPI-ERR-05-202504","M001","KPI-ERR-05","2025-04-01","0.816","0.8","0.75","meeting"
"KR-M001-KPI-CSI-06-202504","M001","KPI-CSI-06","2025-04-01","0.767","0.75","0.7","meeting"
"KR-M001-KPI-VDQ-01-202505","M001","KPI-VDQ-01","2025-05-01","0.8462","0.85","0.75","approaching"
"KR-M001-KPI-SRC-02-202505","M001","KPI-SRC-02","2025-05-01","0.9296","0.9","0.85","meeting"
"KR-M001-KPI-PIT-03-202505","M001","KPI-PIT-03","2025-05-01","5.7","5","7","approaching"
"KR-M001-KPI-USC-04-202505","M001","KPI-USC-04","2025-05-01","0.947","0.95","0.93","approaching"
"KR-M001-KPI-ERR-05-202505","M001","KPI-ERR-05","2025-05-01","0.816","0.8","0.75","meeting"
"KR-M001-KPI-CSI-06-202505","M001","KPI-CSI-06","2025-05-01","0.767","0.75","0.7","meeting"
"KR-M001-KPI-VDQ-01-202506","M001","KPI-VDQ-01","2025-06-01","0.8462","0.85","0.75","approaching"
"KR-M001-KPI-SRC-02-202506","M001","KPI-SRC-02","2025-06-01","0.9306","0.9","0.85","meeting"
"KR-M001-KPI-PIT-03-202506","M001","KPI-PIT-03","2025-06-01","5.7","5","7","approaching"
"KR-M001-KPI-USC-04-202506","M001","KPI-USC-04","2025-06-01","0.947","0.95","0.93","approaching"
"KR-M001-KPI-ERR-05-202506","M001","KPI-ERR-05","2025-06-01","0.816","0.8","0.75","meeting"
"KR-M001-KPI-CSI-06-202506","M001","KPI-CSI-06","2025-06-01","0.767","0.75","0.7","meeting"
"KR-M001-KPI-VDQ-01-202507","M001","KPI-VDQ-01","2025-07-01","0.8462","0.85","0.75","approaching"
"KR-M001-KPI-SRC-02-202507","M001","KPI-SRC-02","2025-07-01","0.9315","0.9","0.85","meeting"
"KR-M001-KPI-PIT-03-202507","M001","KPI-PIT-03","2025-07-01","5.7","5","7","approaching"
"KR-M001-KPI-USC-04-202507","M001","KPI-USC-04","2025-07-01","0.947","0.95","0.93","approaching"
"KR-M001-KPI-ERR-05-202507","M001","KPI-ERR-05","2025-07-01","0.816","0.8","0.75","meeting"
"KR-M001-KPI-CSI-06-202507","M001","KPI-CSI-06","2025-07-01","0.767","0.75","0.7","meeting"
"KR-M001-KPI-VDQ-01-202508","M001","KPI-VDQ-01","2025-08-01","0.8462","0.85","0.75","approaching"
"KR-M001-KPI-SRC-02-202508","M001","KPI-SRC-02","2025-08-01","0.9324","0.9","0.85","meeting"
"KR-M001-KPI-PIT-03-202508","M001","KPI-PIT-03","2025-08-01","5.7","5","7","approaching"
"KR-M001-KPI-USC-04-202508","M001","KPI-USC-04","2025-08-01","0.947","0.95","0.93","approaching"
"KR-M001-KPI-ERR-05-202508","M001","KPI-ERR-05","2025-08-01","0.816","0.8","0.75","meeting"
"KR-M001-KPI-CSI-06-202508","M001","KPI-CSI-06","2025-08-01","0.767","0.75","0.7","meeting"
"KR-M001-KPI-VDQ-01-202509","M001","KPI-VDQ-01","2025-09-01","0.8462","0.85","0.75","approaching"
"KR-M001-KPI-SRC-02-202509","M001","KPI-SRC-02","2025-09-01","0.9333","0.9","0.85","meeting"
"KR-M001-KPI-PIT-03-202509","M001","KPI-PIT-03","2025-09-01","5.7","5","7","approaching"
"KR-M001-KPI-USC-04-202509","M001","KPI-USC-04","2025-09-01","0.947","0.95","0.93","approaching"
"KR-M001-KPI-ERR-05-202509","M001","KPI-ERR-05","2025-09-01","0.816","0.8","0.75","meeting"
"KR-M001-KPI-CSI-06-202509","M001","KPI-CSI-06","2025-09-01","0.767","0.75","0.7","meeting"
"KR-M001-KPI-VDQ-01-202510","M001","KPI-VDQ-01","2025-10-01","0.8462","0.85","0.75","approaching"
"KR-M001-KPI-SRC-02-202510","M001","KPI-SRC-02","2025-10-01","0.9342","0.9","0.85","meeting"
"KR-M001-KPI-PIT-03-202510","M001","KPI-PIT-03","2025-10-01","5.7","5","7","approaching"
"KR-M001-KPI-USC-04-202510","M001","KPI-USC-04","2025-10-01","0.947","0.95","0.93","approaching"
"KR-M001-KPI-ERR-05-202510","M001","KPI-ERR-05","2025-10-01","0.816","0.8","0.75","meeting"
"KR-M001-KPI-CSI-06-202510","M001","KPI-CSI-06","2025-10-01","0.767","0.75","0.7","meeting"
"KR-M001-KPI-VDQ-01-202511","M001","KPI-VDQ-01","2025-11-01","0.8462","0.85","0.75","approaching"
"KR-M001-KPI-SRC-02-202511","M001","KPI-SRC-02","2025-11-01","0.9351","0.9","0.85","meeting"
"KR-M001-KPI-PIT-03-202511","M001","KPI-PIT-03","2025-11-01","5.7","5","7","approaching"
"KR-M001-KPI-USC-04-202511","M001","KPI-USC-04","2025-11-01","0.947","0.95","0.93","approaching"
"KR-M001-KPI-ERR-05-202511","M001","KPI-ERR-05","2025-11-01","0.816","0.8","0.75","meeting"
"KR-M001-KPI-CSI-06-202511","M001","KPI-CSI-06","2025-11-01","0.767","0.75","0.7","meeting"
"KR-M001-KPI-VDQ-01-202512","M001","KPI-VDQ-01","2025-12-01","0.8462","0.85","0.75","approaching"
"KR-M001-KPI-SRC-02-202512","M001","KPI-SRC-02","2025-12-01","0.9359","0.9","0.85","meeting"
"KR-M001-KPI-PIT-03-202512","M001","KPI-PIT-03","2025-12-01","5.7","5","7","approaching"
"KR-M001-KPI-USC-04-202512","M001","KPI-USC-04","2025-12-01","0.947","0.95","0.93","approaching"
"KR-M001-KPI-ERR-05-202512","M001","KPI-ERR-05","2025-12-01","0.816","0.8","0.75","meeting"
"KR-M001-KPI-CSI-06-202512","M001","KPI-CSI-06","2025-12-01","0.767","0.75","0.7","meeting"
"KR-M001-KPI-VDQ-01-202601","M001","KPI-VDQ-01","2026-01-01","0.8462","0.85","0.75","approaching"
"KR-M001-KPI-SRC-02-202601","M001","KPI-SRC-02","2026-01-01","0.9254","0.9","0.85","meeting"
"KR-M001-KPI-PIT-03-202601","M001","KPI-PIT-03","2026-01-01","5.7","5","7","approaching"
"KR-M001-KPI-USC-04-202601","M001","KPI-USC-04","2026-01-01","0.947","0.95","0.93","approaching"
"KR-M001-KPI-ERR-05-202601","M001","KPI-ERR-05","2026-01-01","0.816","0.8","0.75","meeting"
"KR-M001-KPI-CSI-06-202601","M001","KPI-CSI-06","2026-01-01","0.767","0.75","0.7","meeting"
"KR-M001-KPI-VDQ-01-202602","M001","KPI-VDQ-01","2026-02-01","0.8462","0.85","0.75","approaching"
"KR-M001-KPI-SRC-02-202602","M001","KPI-SRC-02","2026-02-01","0.9265","0.9","0.85","meeting"
"KR-M001-KPI-PIT-03-202602","M001","KPI-PIT-03","2026-02-01","5.7","5","7","approaching"
"KR-M001-KPI-USC-04-202602","M001","KPI-USC-04","2026-02-01","0.947","0.95","0.93","approaching"
"KR-M001-KPI-ERR-05-202602","M001","KPI-ERR-05","2026-02-01","0.816","0.8","0.75","meeting"
"KR-M001-KPI-CSI-06-202602","M001","KPI-CSI-06","2026-02-01","0.767","0.75","0.7","meeting"
"KR-M001-KPI-VDQ-01-202603","M001","KPI-VDQ-01","2026-03-01","0.8462","0.85","0.75","approaching"
"KR-M001-KPI-SRC-02-202603","M001","KPI-SRC-02","2026-03-01","0.9275","0.9","0.85","meeting"
"KR-M001-KPI-PIT-03-202603","M001","KPI-PIT-03","2026-03-01","5.7","5","7","approaching"
"KR-M001-KPI-USC-04-202603","M001","KPI-USC-04","2026-03-01","0.947","0.95","0.93","approaching"
"KR-M001-KPI-ERR-05-202603","M001","KPI-ERR-05","2026-03-01","0.816","0.8","0.75","meeting"
"KR-M001-KPI-CSI-06-202603","M001","KPI-CSI-06","2026-03-01","0.767","0.75","0.7","meeting"
"KR-M001-KPI-VDQ-01-202604","M001","KPI-VDQ-01","2026-04-01","0.8462","0.85","0.75","approaching"
"KR-M001-KPI-SRC-02-202604","M001","KPI-SRC-02","2026-04-01","0.9286","0.9","0.85","meeting"
"KR-M001-KPI-PIT-03-202604","M001","KPI-PIT-03","2026-04-01","5.7","5","7","approaching"
"KR-M001-KPI-USC-04-202604","M001","KPI-USC-04","2026-04-01","0.947","0.95","0.93","approaching"
"KR-M001-KPI-ERR-05-202604","M001","KPI-ERR-05","2026-04-01","0.816","0.8","0.75","meeting"
"KR-M001-KPI-CSI-06-202604","M001","KPI-CSI-06","2026-04-01","0.767","0.75","0.7","meeting"
"KR-M001-KPI-VDQ-01-202605","M001","KPI-VDQ-01","2026-05-01","0.8462","0.85","0.75","approaching"
"KR-M001-KPI-SRC-02-202605","M001","KPI-SRC-02","2026-05-01","0.9296","0.9","0.85","meeting"
"KR-M001-KPI-PIT-03-202605","M001","KPI-PIT-03","2026-05-01","5.7","5","7","approaching"
"KR-M001-KPI-USC-04-202605","M001","KPI-USC-04","2026-05-01","0.947","0.95","0.93","approaching"
"KR-M001-KPI-ERR-05-202605","M001","KPI-ERR-05","2026-05-01","0.816","0.8","0.75","meeting"
"KR-M001-KPI-CSI-06-202605","M001","KPI-CSI-06","2026-05-01","0.767","0.75","0.7","meeting"
"KR-M001-KPI-VDQ-01-202606","M001","KPI-VDQ-01","2026-06-01","0.8462","0.85","0.75","approaching"
"KR-M001-KPI-SRC-02-202606","M001","KPI-SRC-02","2026-06-01","0.9306","0.9","0.85","meeting"
"KR-M001-KPI-PIT-03-202606","M001","KPI-PIT-03","2026-06-01","5.7","5","7","approaching"
"KR-M001-KPI-USC-04-202606","M001","KPI-USC-04","2026-06-01","0.947","0.95","0.93","approaching"
"KR-M001-KPI-ERR-05-202606","M001","KPI-ERR-05","2026-06-01","0.816","0.8","0.75","meeting"
"KR-M001-KPI-CSI-06-202606","M001","KPI-CSI-06","2026-06-01","0.767","0.75","0.7","meeting"
"KR-M002-KPI-VDQ-01-202501","M002","KPI-VDQ-01","2025-01-01","0.8571","0.85","0.75","meeting"
"KR-M002-KPI-SRC-02-202501","M002","KPI-SRC-02","2025-01-01","0.9254","0.9","0.85","meeting"
"KR-M002-KPI-PIT-03-202501","M002","KPI-PIT-03","2025-01-01","6","5","7","approaching"
"KR-M002-KPI-USC-04-202501","M002","KPI-USC-04","2025-01-01","0.944","0.95","0.93","approaching"
"KR-M002-KPI-ERR-05-202501","M002","KPI-ERR-05","2025-01-01","0.812","0.8","0.75","meeting"
"KR-M002-KPI-CSI-06-202501","M002","KPI-CSI-06","2025-01-01","0.764","0.75","0.7","meeting"
"KR-M002-KPI-VDQ-01-202502","M002","KPI-VDQ-01","2025-02-01","0.8571","0.85","0.75","meeting"
"KR-M002-KPI-SRC-02-202502","M002","KPI-SRC-02","2025-02-01","0.9265","0.9","0.85","meeting"
"KR-M002-KPI-PIT-03-202502","M002","KPI-PIT-03","2025-02-01","6","5","7","approaching"
"KR-M002-KPI-USC-04-202502","M002","KPI-USC-04","2025-02-01","0.944","0.95","0.93","approaching"
"KR-M002-KPI-ERR-05-202502","M002","KPI-ERR-05","2025-02-01","0.812","0.8","0.75","meeting"
"KR-M002-KPI-CSI-06-202502","M002","KPI-CSI-06","2025-02-01","0.764","0.75","0.7","meeting"
"KR-M002-KPI-VDQ-01-202503","M002","KPI-VDQ-01","2025-03-01","0.8571","0.85","0.75","meeting"
"KR-M002-KPI-SRC-02-202503","M002","KPI-SRC-02","2025-03-01","0.9275","0.9","0.85","meeting"
"KR-M002-KPI-PIT-03-202503","M002","KPI-PIT-03","2025-03-01","6","5","7","approaching"
"KR-M002-KPI-USC-04-202503","M002","KPI-USC-04","2025-03-01","0.944","0.95","0.93","approaching"
"KR-M002-KPI-ERR-05-202503","M002","KPI-ERR-05","2025-03-01","0.812","0.8","0.75","meeting"
"KR-M002-KPI-CSI-06-202503","M002","KPI-CSI-06","2025-03-01","0.764","0.75","0.7","meeting"
"KR-M002-KPI-VDQ-01-202504","M002","KPI-VDQ-01","2025-04-01","0.8571","0.85","0.75","meeting"
"KR-M002-KPI-SRC-02-202504","M002","KPI-SRC-02","2025-04-01","0.9286","0.9","0.85","meeting"
"KR-M002-KPI-PIT-03-202504","M002","KPI-PIT-03","2025-04-01","6","5","7","approaching"
"KR-M002-KPI-USC-04-202504","M002","KPI-USC-04","2025-04-01","0.944","0.95","0.93","approaching"
"KR-M002-KPI-ERR-05-202504","M002","KPI-ERR-05","2025-04-01","0.812","0.8","0.75","meeting"
"KR-M002-KPI-CSI-06-202504","M002","KPI-CSI-06","2025-04-01","0.764","0.75","0.7","meeting"
"KR-M002-KPI-VDQ-01-202505","M002","KPI-VDQ-01","2025-05-01","0.8571","0.85","0.75","meeting"
"KR-M002-KPI-SRC-02-202505","M002","KPI-SRC-02","2025-05-01","0.9296","0.9","0.85","meeting"
"KR-M002-KPI-PIT-03-202505","M002","KPI-PIT-03","2025-05-01","6","5","7","approaching"
"KR-M002-KPI-USC-04-202505","M002","KPI-USC-04","2025-05-01","0.944","0.95","0.93","approaching"
"KR-M002-KPI-ERR-05-202505","M002","KPI-ERR-05","2025-05-01","0.812","0.8","0.75","meeting"
"KR-M002-KPI-CSI-06-202505","M002","KPI-CSI-06","2025-05-01","0.764","0.75","0.7","meeting"
"KR-M002-KPI-VDQ-01-202506","M002","KPI-VDQ-01","2025-06-01","0.8571","0.85","0.75","meeting"
"KR-M002-KPI-SRC-02-202506","M002","KPI-SRC-02","2025-06-01","0.9306","0.9","0.85","meeting"
"KR-M002-KPI-PIT-03-202506","M002","KPI-PIT-03","2025-06-01","6","5","7","approaching"
"KR-M002-KPI-USC-04-202506","M002","KPI-USC-04","2025-06-01","0.944","0.95","0.93","approaching"
"KR-M002-KPI-ERR-05-202506","M002","KPI-ERR-05","2025-06-01","0.812","0.8","0.75","meeting"
"KR-M002-KPI-CSI-06-202506","M002","KPI-CSI-06","2025-06-01","0.764","0.75","0.7","meeting"
"KR-M002-KPI-VDQ-01-202507","M002","KPI-VDQ-01","2025-07-01","0.8571","0.85","0.75","meeting"
"KR-M002-KPI-SRC-02-202507","M002","KPI-SRC-02","2025-07-01","0.9315","0.9","0.85","meeting"
"KR-M002-KPI-PIT-03-202507","M002","KPI-PIT-03","2025-07-01","6","5","7","approaching"
"KR-M002-KPI-USC-04-202507","M002","KPI-USC-04","2025-07-01","0.944","0.95","0.93","approaching"
"KR-M002-KPI-ERR-05-202507","M002","KPI-ERR-05","2025-07-01","0.812","0.8","0.75","meeting"
"KR-M002-KPI-CSI-06-202507","M002","KPI-CSI-06","2025-07-01","0.764","0.75","0.7","meeting"
"KR-M002-KPI-VDQ-01-202508","M002","KPI-VDQ-01","2025-08-01","0.8571","0.85","0.75","meeting"
"KR-M002-KPI-SRC-02-202508","M002","KPI-SRC-02","2025-08-01","0.9324","0.9","0.85","meeting"
"KR-M002-KPI-PIT-03-202508","M002","KPI-PIT-03","2025-08-01","6","5","7","approaching"
"KR-M002-KPI-USC-04-202508","M002","KPI-USC-04","2025-08-01","0.944","0.95","0.93","approaching"
"KR-M002-KPI-ERR-05-202508","M002","KPI-ERR-05","2025-08-01","0.812","0.8","0.75","meeting"
"KR-M002-KPI-CSI-06-202508","M002","KPI-CSI-06","2025-08-01","0.764","0.75","0.7","meeting"
"KR-M002-KPI-VDQ-01-202509","M002","KPI-VDQ-01","2025-09-01","0.8571","0.85","0.75","meeting"
"KR-M002-KPI-SRC-02-202509","M002","KPI-SRC-02","2025-09-01","0.9333","0.9","0.85","meeting"
"KR-M002-KPI-PIT-03-202509","M002","KPI-PIT-03","2025-09-01","6","5","7","approaching"
"KR-M002-KPI-USC-04-202509","M002","KPI-USC-04","2025-09-01","0.944","0.95","0.93","approaching"
"KR-M002-KPI-ERR-05-202509","M002","KPI-ERR-05","2025-09-01","0.812","0.8","0.75","meeting"
"KR-M002-KPI-CSI-06-202509","M002","KPI-CSI-06","2025-09-01","0.764","0.75","0.7","meeting"
"KR-M002-KPI-VDQ-01-202510","M002","KPI-VDQ-01","2025-10-01","0.8571","0.85","0.75","meeting"
"KR-M002-KPI-SRC-02-202510","M002","KPI-SRC-02","2025-10-01","0.9342","0.9","0.85","meeting"
"KR-M002-KPI-PIT-03-202510","M002","KPI-PIT-03","2025-10-01","6","5","7","approaching"
"KR-M002-KPI-USC-04-202510","M002","KPI-USC-04","2025-10-01","0.944","0.95","0.93","approaching"
"KR-M002-KPI-ERR-05-202510","M002","KPI-ERR-05","2025-10-01","0.812","0.8","0.75","meeting"
"KR-M002-KPI-CSI-06-202510","M002","KPI-CSI-06","2025-10-01","0.764","0.75","0.7","meeting"
"KR-M002-KPI-VDQ-01-202511","M002","KPI-VDQ-01","2025-11-01","0.8571","0.85","0.75","meeting"
"KR-M002-KPI-SRC-02-202511","M002","KPI-SRC-02","2025-11-01","0.9351","0.9","0.85","meeting"
"KR-M002-KPI-PIT-03-202511","M002","KPI-PIT-03","2025-11-01","6","5","7","approaching"
"KR-M002-KPI-USC-04-202511","M002","KPI-USC-04","2025-11-01","0.944","0.95","0.93","approaching"
"KR-M002-KPI-ERR-05-202511","M002","KPI-ERR-05","2025-11-01","0.812","0.8","0.75","meeting"
"KR-M002-KPI-CSI-06-202511","M002","KPI-CSI-06","2025-11-01","0.764","0.75","0.7","meeting"
"KR-M002-KPI-VDQ-01-202512","M002","KPI-VDQ-01","2025-12-01","0.8571","0.85","0.75","meeting"
"KR-M002-KPI-SRC-02-202512","M002","KPI-SRC-02","2025-12-01","0.9359","0.9","0.85","meeting"
"KR-M002-KPI-PIT-03-202512","M002","KPI-PIT-03","2025-12-01","6","5","7","approaching"
"KR-M002-KPI-USC-04-202512","M002","KPI-USC-04","2025-12-01","0.944","0.95","0.93","approaching"
"KR-M002-KPI-ERR-05-202512","M002","KPI-ERR-05","2025-12-01","0.812","0.8","0.75","meeting"
"KR-M002-KPI-CSI-06-202512","M002","KPI-CSI-06","2025-12-01","0.764","0.75","0.7","meeting"
"KR-M002-KPI-VDQ-01-202601","M002","KPI-VDQ-01","2026-01-01","0.8571","0.85","0.75","meeting"
"KR-M002-KPI-SRC-02-202601","M002","KPI-SRC-02","2026-01-01","0.9254","0.9","0.85","meeting"
"KR-M002-KPI-PIT-03-202601","M002","KPI-PIT-03","2026-01-01","6","5","7","approaching"
"KR-M002-KPI-USC-04-202601","M002","KPI-USC-04","2026-01-01","0.944","0.95","0.93","approaching"
"KR-M002-KPI-ERR-05-202601","M002","KPI-ERR-05","2026-01-01","0.812","0.8","0.75","meeting"
"KR-M002-KPI-CSI-06-202601","M002","KPI-CSI-06","2026-01-01","0.764","0.75","0.7","meeting"
"KR-M002-KPI-VDQ-01-202602","M002","KPI-VDQ-01","2026-02-01","0.8571","0.85","0.75","meeting"
"KR-M002-KPI-SRC-02-202602","M002","KPI-SRC-02","2026-02-01","0.9265","0.9","0.85","meeting"
"KR-M002-KPI-PIT-03-202602","M002","KPI-PIT-03","2026-02-01","6","5","7","approaching"
"KR-M002-KPI-USC-04-202602","M002","KPI-USC-04","2026-02-01","0.944","0.95","0.93","approaching"
"KR-M002-KPI-ERR-05-202602","M002","KPI-ERR-05","2026-02-01","0.812","0.8","0.75","meeting"
"KR-M002-KPI-CSI-06-202602","M002","KPI-CSI-06","2026-02-01","0.764","0.75","0.7","meeting"
"KR-M002-KPI-VDQ-01-202603","M002","KPI-VDQ-01","2026-03-01","0.8571","0.85","0.75","meeting"
"KR-M002-KPI-SRC-02-202603","M002","KPI-SRC-02","2026-03-01","0.9275","0.9","0.85","meeting"
"KR-M002-KPI-PIT-03-202603","M002","KPI-PIT-03","2026-03-01","6","5","7","approaching"
"KR-M002-KPI-USC-04-202603","M002","KPI-USC-04","2026-03-01","0.944","0.95","0.93","approaching"
"KR-M002-KPI-ERR-05-202603","M002","KPI-ERR-05","2026-03-01","0.812","0.8","0.75","meeting"
"KR-M002-KPI-CSI-06-202603","M002","KPI-CSI-06","2026-03-01","0.764","0.75","0.7","meeting"
"KR-M002-KPI-VDQ-01-202604","M002","KPI-VDQ-01","2026-04-01","0.8571","0.85","0.75","meeting"
"KR-M002-KPI-SRC-02-202604","M002","KPI-SRC-02","2026-04-01","0.9286","0.9","0.85","meeting"
"KR-M002-KPI-PIT-03-202604","M002","KPI-PIT-03","2026-04-01","6","5","7","approaching"
"KR-M002-KPI-USC-04-202604","M002","KPI-USC-04","2026-04-01","0.944","0.95","0.93","approaching"
"KR-M002-KPI-ERR-05-202604","M002","KPI-ERR-05","2026-04-01","0.812","0.8","0.75","meeting"
"KR-M002-KPI-CSI-06-202604","M002","KPI-CSI-06","2026-04-01","0.764","0.75","0.7","meeting"
"KR-M002-KPI-VDQ-01-202605","M002","KPI-VDQ-01","2026-05-01","0.8571","0.85","0.75","meeting"
"KR-M002-KPI-SRC-02-202605","M002","KPI-SRC-02","2026-05-01","0.9296","0.9","0.85","meeting"
"KR-M002-KPI-PIT-03-202605","M002","KPI-PIT-03","2026-05-01","6","5","7","approaching"
"KR-M002-KPI-USC-04-202605","M002","KPI-USC-04","2026-05-01","0.944","0.95","0.93","approaching"
"KR-M002-KPI-ERR-05-202605","M002","KPI-ERR-05","2026-05-01","0.812","0.8","0.75","meeting"
"KR-M002-KPI-CSI-06-202605","M002","KPI-CSI-06","2026-05-01","0.764","0.75","0.7","meeting"
"KR-M002-KPI-VDQ-01-202606","M002","KPI-VDQ-01","2026-06-01","0.8571","0.85","0.75","meeting"
"KR-M002-KPI-SRC-02-202606","M002","KPI-SRC-02","2026-06-01","0.9306","0.9","0.85","meeting"
"KR-M002-KPI-PIT-03-202606","M002","KPI-PIT-03","2026-06-01","6","5","7","approaching"
"KR-M002-KPI-USC-04-202606","M002","KPI-USC-04","2026-06-01","0.944","0.95","0.93","approaching"
"KR-M002-KPI-ERR-05-202606","M002","KPI-ERR-05","2026-06-01","0.812","0.8","0.75","meeting"
"KR-M002-KPI-CSI-06-202606","M002","KPI-CSI-06","2026-06-01","0.764","0.75","0.7","meeting"
"KR-M003-KPI-VDQ-01-202501","M003","KPI-VDQ-01","2025-01-01","0.8667","0.85","0.75","meeting"
"KR-M003-KPI-SRC-02-202501","M003","KPI-SRC-02","2025-01-01","0.9286","0.9","0.85","meeting"
"KR-M003-KPI-PIT-03-202501","M003","KPI-PIT-03","2025-01-01","6.3","5","7","approaching"
"KR-M003-KPI-USC-04-202501","M003","KPI-USC-04","2025-01-01","0.95","0.95","0.93","meeting"
"KR-M003-KPI-ERR-05-202501","M003","KPI-ERR-05","2025-01-01","0.808","0.8","0.75","meeting"
"KR-M003-KPI-CSI-06-202501","M003","KPI-CSI-06","2025-01-01","0.761","0.75","0.7","meeting"
"KR-M003-KPI-VDQ-01-202502","M003","KPI-VDQ-01","2025-02-01","0.8667","0.85","0.75","meeting"
"KR-M003-KPI-SRC-02-202502","M003","KPI-SRC-02","2025-02-01","0.9296","0.9","0.85","meeting"
"KR-M003-KPI-PIT-03-202502","M003","KPI-PIT-03","2025-02-01","6.3","5","7","approaching"
"KR-M003-KPI-USC-04-202502","M003","KPI-USC-04","2025-02-01","0.95","0.95","0.93","meeting"
"KR-M003-KPI-ERR-05-202502","M003","KPI-ERR-05","2025-02-01","0.808","0.8","0.75","meeting"
"KR-M003-KPI-CSI-06-202502","M003","KPI-CSI-06","2025-02-01","0.761","0.75","0.7","meeting"
"KR-M003-KPI-VDQ-01-202503","M003","KPI-VDQ-01","2025-03-01","0.8667","0.85","0.75","meeting"
"KR-M003-KPI-SRC-02-202503","M003","KPI-SRC-02","2025-03-01","0.9306","0.9","0.85","meeting"
"KR-M003-KPI-PIT-03-202503","M003","KPI-PIT-03","2025-03-01","6.3","5","7","approaching"
"KR-M003-KPI-USC-04-202503","M003","KPI-USC-04","2025-03-01","0.95","0.95","0.93","meeting"
"KR-M003-KPI-ERR-05-202503","M003","KPI-ERR-05","2025-03-01","0.808","0.8","0.75","meeting"
"KR-M003-KPI-CSI-06-202503","M003","KPI-CSI-06","2025-03-01","0.761","0.75","0.7","meeting"
"KR-M003-KPI-VDQ-01-202504","M003","KPI-VDQ-01","2025-04-01","0.8667","0.85","0.75","meeting"
"KR-M003-KPI-SRC-02-202504","M003","KPI-SRC-02","2025-04-01","0.9315","0.9","0.85","meeting"
"KR-M003-KPI-PIT-03-202504","M003","KPI-PIT-03","2025-04-01","6.3","5","7","approaching"
"KR-M003-KPI-USC-04-202504","M003","KPI-USC-04","2025-04-01","0.95","0.95","0.93","meeting"
"KR-M003-KPI-ERR-05-202504","M003","KPI-ERR-05","2025-04-01","0.808","0.8","0.75","meeting"
"KR-M003-KPI-CSI-06-202504","M003","KPI-CSI-06","2025-04-01","0.761","0.75","0.7","meeting"
"KR-M003-KPI-VDQ-01-202505","M003","KPI-VDQ-01","2025-05-01","0.8667","0.85","0.75","meeting"
"KR-M003-KPI-SRC-02-202505","M003","KPI-SRC-02","2025-05-01","0.9324","0.9","0.85","meeting"
"KR-M003-KPI-PIT-03-202505","M003","KPI-PIT-03","2025-05-01","6.3","5","7","approaching"
"KR-M003-KPI-USC-04-202505","M003","KPI-USC-04","2025-05-01","0.95","0.95","0.93","meeting"
"KR-M003-KPI-ERR-05-202505","M003","KPI-ERR-05","2025-05-01","0.808","0.8","0.75","meeting"
"KR-M003-KPI-CSI-06-202505","M003","KPI-CSI-06","2025-05-01","0.761","0.75","0.7","meeting"
"KR-M003-KPI-VDQ-01-202506","M003","KPI-VDQ-01","2025-06-01","0.8667","0.85","0.75","meeting"
"KR-M003-KPI-SRC-02-202506","M003","KPI-SRC-02","2025-06-01","0.9333","0.9","0.85","meeting"
"KR-M003-KPI-PIT-03-202506","M003","KPI-PIT-03","2025-06-01","6.3","5","7","approaching"
"KR-M003-KPI-USC-04-202506","M003","KPI-USC-04","2025-06-01","0.95","0.95","0.93","meeting"
"KR-M003-KPI-ERR-05-202506","M003","KPI-ERR-05","2025-06-01","0.808","0.8","0.75","meeting"
"KR-M003-KPI-CSI-06-202506","M003","KPI-CSI-06","2025-06-01","0.761","0.75","0.7","meeting"
"KR-M003-KPI-VDQ-01-202507","M003","KPI-VDQ-01","2025-07-01","0.8667","0.85","0.75","meeting"
"KR-M003-KPI-SRC-02-202507","M003","KPI-SRC-02","2025-07-01","0.9342","0.9","0.85","meeting"
"KR-M003-KPI-PIT-03-202507","M003","KPI-PIT-03","2025-07-01","6.3","5","7","approaching"
"KR-M003-KPI-USC-04-202507","M003","KPI-USC-04","2025-07-01","0.95","0.95","0.93","meeting"
"KR-M003-KPI-ERR-05-202507","M003","KPI-ERR-05","2025-07-01","0.808","0.8","0.75","meeting"
"KR-M003-KPI-CSI-06-202507","M003","KPI-CSI-06","2025-07-01","0.761","0.75","0.7","meeting"
"KR-M003-KPI-VDQ-01-202508","M003","KPI-VDQ-01","2025-08-01","0.8667","0.85","0.75","meeting"
"KR-M003-KPI-SRC-02-202508","M003","KPI-SRC-02","2025-08-01","0.9351","0.9","0.85","meeting"
"KR-M003-KPI-PIT-03-202508","M003","KPI-PIT-03","2025-08-01","6.3","5","7","approaching"
"KR-M003-KPI-USC-04-202508","M003","KPI-USC-04","2025-08-01","0.95","0.95","0.93","meeting"
"KR-M003-KPI-ERR-05-202508","M003","KPI-ERR-05","2025-08-01","0.808","0.8","0.75","meeting"
"KR-M003-KPI-CSI-06-202508","M003","KPI-CSI-06","2025-08-01","0.761","0.75","0.7","meeting"
"KR-M003-KPI-VDQ-01-202509","M003","KPI-VDQ-01","2025-09-01","0.8667","0.85","0.75","meeting"
"KR-M003-KPI-SRC-02-202509","M003","KPI-SRC-02","2025-09-01","0.9359","0.9","0.85","meeting"
"KR-M003-KPI-PIT-03-202509","M003","KPI-PIT-03","2025-09-01","6.3","5","7","approaching"
"KR-M003-KPI-USC-04-202509","M003","KPI-USC-04","2025-09-01","0.95","0.95","0.93","meeting"
"KR-M003-KPI-ERR-05-202509","M003","KPI-ERR-05","2025-09-01","0.808","0.8","0.75","meeting"
"KR-M003-KPI-CSI-06-202509","M003","KPI-CSI-06","2025-09-01","0.761","0.75","0.7","meeting"
"KR-M003-KPI-VDQ-01-202510","M003","KPI-VDQ-01","2025-10-01","0.8667","0.85","0.75","meeting"
"KR-M003-KPI-SRC-02-202510","M003","KPI-SRC-02","2025-10-01","0.9367","0.9","0.85","meeting"
"KR-M003-KPI-PIT-03-202510","M003","KPI-PIT-03","2025-10-01","6.3","5","7","approaching"
"KR-M003-KPI-USC-04-202510","M003","KPI-USC-04","2025-10-01","0.95","0.95","0.93","meeting"
"KR-M003-KPI-ERR-05-202510","M003","KPI-ERR-05","2025-10-01","0.808","0.8","0.75","meeting"
"KR-M003-KPI-CSI-06-202510","M003","KPI-CSI-06","2025-10-01","0.761","0.75","0.7","meeting"
"KR-M003-KPI-VDQ-01-202511","M003","KPI-VDQ-01","2025-11-01","0.8667","0.85","0.75","meeting"
"KR-M003-KPI-SRC-02-202511","M003","KPI-SRC-02","2025-11-01","0.9375","0.9","0.85","meeting"
"KR-M003-KPI-PIT-03-202511","M003","KPI-PIT-03","2025-11-01","6.3","5","7","approaching"
"KR-M003-KPI-USC-04-202511","M003","KPI-USC-04","2025-11-01","0.95","0.95","0.93","meeting"
"KR-M003-KPI-ERR-05-202511","M003","KPI-ERR-05","2025-11-01","0.808","0.8","0.75","meeting"
"KR-M003-KPI-CSI-06-202511","M003","KPI-CSI-06","2025-11-01","0.761","0.75","0.7","meeting"
"KR-M003-KPI-VDQ-01-202512","M003","KPI-VDQ-01","2025-12-01","0.8667","0.85","0.75","meeting"
"KR-M003-KPI-SRC-02-202512","M003","KPI-SRC-02","2025-12-01","0.9383","0.9","0.85","meeting"
"KR-M003-KPI-PIT-03-202512","M003","KPI-PIT-03","2025-12-01","6.3","5","7","approaching"
"KR-M003-KPI-USC-04-202512","M003","KPI-USC-04","2025-12-01","0.95","0.95","0.93","meeting"
"KR-M003-KPI-ERR-05-202512","M003","KPI-ERR-05","2025-12-01","0.808","0.8","0.75","meeting"
"KR-M003-KPI-CSI-06-202512","M003","KPI-CSI-06","2025-12-01","0.761","0.75","0.7","meeting"
"KR-M003-KPI-VDQ-01-202601","M003","KPI-VDQ-01","2026-01-01","0.8667","0.85","0.75","meeting"
"KR-M003-KPI-SRC-02-202601","M003","KPI-SRC-02","2026-01-01","0.9286","0.9","0.85","meeting"
"KR-M003-KPI-PIT-03-202601","M003","KPI-PIT-03","2026-01-01","6.3","5","7","approaching"
"KR-M003-KPI-USC-04-202601","M003","KPI-USC-04","2026-01-01","0.95","0.95","0.93","meeting"
"KR-M003-KPI-ERR-05-202601","M003","KPI-ERR-05","2026-01-01","0.808","0.8","0.75","meeting"
"KR-M003-KPI-CSI-06-202601","M003","KPI-CSI-06","2026-01-01","0.761","0.75","0.7","meeting"
"KR-M003-KPI-VDQ-01-202602","M003","KPI-VDQ-01","2026-02-01","0.8667","0.85","0.75","meeting"
"KR-M003-KPI-SRC-02-202602","M003","KPI-SRC-02","2026-02-01","0.9296","0.9","0.85","meeting"
"KR-M003-KPI-PIT-03-202602","M003","KPI-PIT-03","2026-02-01","6.3","5","7","approaching"
"KR-M003-KPI-USC-04-202602","M003","KPI-USC-04","2026-02-01","0.95","0.95","0.93","meeting"
"KR-M003-KPI-ERR-05-202602","M003","KPI-ERR-05","2026-02-01","0.808","0.8","0.75","meeting"
"KR-M003-KPI-CSI-06-202602","M003","KPI-CSI-06","2026-02-01","0.761","0.75","0.7","meeting"
"KR-M003-KPI-VDQ-01-202603","M003","KPI-VDQ-01","2026-03-01","0.6667","0.85","0.75","breach"
"KR-M003-KPI-SRC-02-202603","M003","KPI-SRC-02","2026-03-01","0.7917","0.9","0.85","breach"
"KR-M003-KPI-PIT-03-202603","M003","KPI-PIT-03","2026-03-01","8.1","5","7","breach"
"KR-M003-KPI-USC-04-202603","M003","KPI-USC-04","2026-03-01","0.9","0.95","0.93","breach"
"KR-M003-KPI-ERR-05-202603","M003","KPI-ERR-05","2026-03-01","0.728","0.8","0.75","breach"
"KR-M003-KPI-CSI-06-202603","M003","KPI-CSI-06","2026-03-01","0.701","0.75","0.7","approaching"
"KR-M003-KPI-VDQ-01-202604","M003","KPI-VDQ-01","2026-04-01","0.6667","0.85","0.75","breach"
"KR-M003-KPI-SRC-02-202604","M003","KPI-SRC-02","2026-04-01","0.7945","0.9","0.85","breach"
"KR-M003-KPI-PIT-03-202604","M003","KPI-PIT-03","2026-04-01","8.1","5","7","breach"
"KR-M003-KPI-USC-04-202604","M003","KPI-USC-04","2026-04-01","0.9","0.95","0.93","breach"
"KR-M003-KPI-ERR-05-202604","M003","KPI-ERR-05","2026-04-01","0.728","0.8","0.75","breach"
"KR-M003-KPI-CSI-06-202604","M003","KPI-CSI-06","2026-04-01","0.701","0.75","0.7","approaching"
"KR-M003-KPI-VDQ-01-202605","M003","KPI-VDQ-01","2026-05-01","0.8","0.85","0.75","approaching"
"KR-M003-KPI-SRC-02-202605","M003","KPI-SRC-02","2026-05-01","0.8784","0.9","0.85","approaching"
"KR-M003-KPI-PIT-03-202605","M003","KPI-PIT-03","2026-05-01","7.4","5","7","breach"
"KR-M003-KPI-USC-04-202605","M003","KPI-USC-04","2026-05-01","0.93","0.95","0.93","approaching"
"KR-M003-KPI-ERR-05-202605","M003","KPI-ERR-05","2026-05-01","0.768","0.8","0.75","approaching"
"KR-M003-KPI-CSI-06-202605","M003","KPI-CSI-06","2026-05-01","0.731","0.75","0.7","approaching"
"KR-M003-KPI-VDQ-01-202606","M003","KPI-VDQ-01","2026-06-01","0.8","0.85","0.75","approaching"
"KR-M003-KPI-SRC-02-202606","M003","KPI-SRC-02","2026-06-01","0.88","0.9","0.85","approaching"
"KR-M003-KPI-PIT-03-202606","M003","KPI-PIT-03","2026-06-01","7.4","5","7","breach"
"KR-M003-KPI-USC-04-202606","M003","KPI-USC-04","2026-06-01","0.93","0.95","0.93","approaching"
"KR-M003-KPI-ERR-05-202606","M003","KPI-ERR-05","2026-06-01","0.768","0.8","0.75","approaching"
"KR-M003-KPI-CSI-06-202606","M003","KPI-CSI-06","2026-06-01","0.731","0.75","0.7","approaching"
"KR-M004-KPI-VDQ-01-202501","M004","KPI-VDQ-01","2025-01-01","0.875","0.85","0.75","meeting"
"KR-M004-KPI-SRC-02-202501","M004","KPI-SRC-02","2025-01-01","0.9286","0.9","0.85","meeting"
"KR-M004-KPI-PIT-03-202501","M004","KPI-PIT-03","2025-01-01","5.4","5","7","approaching"
"KR-M004-KPI-USC-04-202501","M004","KPI-USC-04","2025-01-01","0.947","0.95","0.93","approaching"
"KR-M004-KPI-ERR-05-202501","M004","KPI-ERR-05","2025-01-01","0.82","0.8","0.75","meeting"
"KR-M004-KPI-CSI-06-202501","M004","KPI-CSI-06","2025-01-01","0.758","0.75","0.7","meeting"
"KR-M004-KPI-VDQ-01-202502","M004","KPI-VDQ-01","2025-02-01","0.875","0.85","0.75","meeting"
"KR-M004-KPI-SRC-02-202502","M004","KPI-SRC-02","2025-02-01","0.9296","0.9","0.85","meeting"
"KR-M004-KPI-PIT-03-202502","M004","KPI-PIT-03","2025-02-01","5.4","5","7","approaching"
"KR-M004-KPI-USC-04-202502","M004","KPI-USC-04","2025-02-01","0.947","0.95","0.93","approaching"
"KR-M004-KPI-ERR-05-202502","M004","KPI-ERR-05","2025-02-01","0.82","0.8","0.75","meeting"
"KR-M004-KPI-CSI-06-202502","M004","KPI-CSI-06","2025-02-01","0.758","0.75","0.7","meeting"
"KR-M004-KPI-VDQ-01-202503","M004","KPI-VDQ-01","2025-03-01","0.875","0.85","0.75","meeting"
"KR-M004-KPI-SRC-02-202503","M004","KPI-SRC-02","2025-03-01","0.9306","0.9","0.85","meeting"
"KR-M004-KPI-PIT-03-202503","M004","KPI-PIT-03","2025-03-01","5.4","5","7","approaching"
"KR-M004-KPI-USC-04-202503","M004","KPI-USC-04","2025-03-01","0.947","0.95","0.93","approaching"
"KR-M004-KPI-ERR-05-202503","M004","KPI-ERR-05","2025-03-01","0.82","0.8","0.75","meeting"
"KR-M004-KPI-CSI-06-202503","M004","KPI-CSI-06","2025-03-01","0.758","0.75","0.7","meeting"
"KR-M004-KPI-VDQ-01-202504","M004","KPI-VDQ-01","2025-04-01","0.875","0.85","0.75","meeting"
"KR-M004-KPI-SRC-02-202504","M004","KPI-SRC-02","2025-04-01","0.9315","0.9","0.85","meeting"
"KR-M004-KPI-PIT-03-202504","M004","KPI-PIT-03","2025-04-01","5.4","5","7","approaching"
"KR-M004-KPI-USC-04-202504","M004","KPI-USC-04","2025-04-01","0.947","0.95","0.93","approaching"
"KR-M004-KPI-ERR-05-202504","M004","KPI-ERR-05","2025-04-01","0.82","0.8","0.75","meeting"
"KR-M004-KPI-CSI-06-202504","M004","KPI-CSI-06","2025-04-01","0.758","0.75","0.7","meeting"
"KR-M004-KPI-VDQ-01-202505","M004","KPI-VDQ-01","2025-05-01","0.875","0.85","0.75","meeting"
"KR-M004-KPI-SRC-02-202505","M004","KPI-SRC-02","2025-05-01","0.9324","0.9","0.85","meeting"
"KR-M004-KPI-PIT-03-202505","M004","KPI-PIT-03","2025-05-01","5.4","5","7","approaching"
"KR-M004-KPI-USC-04-202505","M004","KPI-USC-04","2025-05-01","0.947","0.95","0.93","approaching"
"KR-M004-KPI-ERR-05-202505","M004","KPI-ERR-05","2025-05-01","0.82","0.8","0.75","meeting"
"KR-M004-KPI-CSI-06-202505","M004","KPI-CSI-06","2025-05-01","0.758","0.75","0.7","meeting"
"KR-M004-KPI-VDQ-01-202506","M004","KPI-VDQ-01","2025-06-01","0.875","0.85","0.75","meeting"
"KR-M004-KPI-SRC-02-202506","M004","KPI-SRC-02","2025-06-01","0.9333","0.9","0.85","meeting"
"KR-M004-KPI-PIT-03-202506","M004","KPI-PIT-03","2025-06-01","5.4","5","7","approaching"
"KR-M004-KPI-USC-04-202506","M004","KPI-USC-04","2025-06-01","0.947","0.95","0.93","approaching"
"KR-M004-KPI-ERR-05-202506","M004","KPI-ERR-05","2025-06-01","0.82","0.8","0.75","meeting"
"KR-M004-KPI-CSI-06-202506","M004","KPI-CSI-06","2025-06-01","0.758","0.75","0.7","meeting"
"KR-M004-KPI-VDQ-01-202507","M004","KPI-VDQ-01","2025-07-01","0.875","0.85","0.75","meeting"
"KR-M004-KPI-SRC-02-202507","M004","KPI-SRC-02","2025-07-01","0.9342","0.9","0.85","meeting"
"KR-M004-KPI-PIT-03-202507","M004","KPI-PIT-03","2025-07-01","5.4","5","7","approaching"
"KR-M004-KPI-USC-04-202507","M004","KPI-USC-04","2025-07-01","0.947","0.95","0.93","approaching"
"KR-M004-KPI-ERR-05-202507","M004","KPI-ERR-05","2025-07-01","0.82","0.8","0.75","meeting"
"KR-M004-KPI-CSI-06-202507","M004","KPI-CSI-06","2025-07-01","0.758","0.75","0.7","meeting"
"KR-M004-KPI-VDQ-01-202508","M004","KPI-VDQ-01","2025-08-01","0.875","0.85","0.75","meeting"
"KR-M004-KPI-SRC-02-202508","M004","KPI-SRC-02","2025-08-01","0.9351","0.9","0.85","meeting"
"KR-M004-KPI-PIT-03-202508","M004","KPI-PIT-03","2025-08-01","5.4","5","7","approaching"
"KR-M004-KPI-USC-04-202508","M004","KPI-USC-04","2025-08-01","0.947","0.95","0.93","approaching"
"KR-M004-KPI-ERR-05-202508","M004","KPI-ERR-05","2025-08-01","0.82","0.8","0.75","meeting"
"KR-M004-KPI-CSI-06-202508","M004","KPI-CSI-06","2025-08-01","0.758","0.75","0.7","meeting"
"KR-M004-KPI-VDQ-01-202509","M004","KPI-VDQ-01","2025-09-01","0.875","0.85","0.75","meeting"
"KR-M004-KPI-SRC-02-202509","M004","KPI-SRC-02","2025-09-01","0.9359","0.9","0.85","meeting"
"KR-M004-KPI-PIT-03-202509","M004","KPI-PIT-03","2025-09-01","5.4","5","7","approaching"
"KR-M004-KPI-USC-04-202509","M004","KPI-USC-04","2025-09-01","0.947","0.95","0.93","approaching"
"KR-M004-KPI-ERR-05-202509","M004","KPI-ERR-05","2025-09-01","0.82","0.8","0.75","meeting"
"KR-M004-KPI-CSI-06-202509","M004","KPI-CSI-06","2025-09-01","0.758","0.75","0.7","meeting"
"KR-M004-KPI-VDQ-01-202510","M004","KPI-VDQ-01","2025-10-01","0.875","0.85","0.75","meeting"
"KR-M004-KPI-SRC-02-202510","M004","KPI-SRC-02","2025-10-01","0.9367","0.9","0.85","meeting"
"KR-M004-KPI-PIT-03-202510","M004","KPI-PIT-03","2025-10-01","5.4","5","7","approaching"
"KR-M004-KPI-USC-04-202510","M004","KPI-USC-04","2025-10-01","0.947","0.95","0.93","approaching"
"KR-M004-KPI-ERR-05-202510","M004","KPI-ERR-05","2025-10-01","0.82","0.8","0.75","meeting"
"KR-M004-KPI-CSI-06-202510","M004","KPI-CSI-06","2025-10-01","0.758","0.75","0.7","meeting"
"KR-M004-KPI-VDQ-01-202511","M004","KPI-VDQ-01","2025-11-01","0.875","0.85","0.75","meeting"
"KR-M004-KPI-SRC-02-202511","M004","KPI-SRC-02","2025-11-01","0.9375","0.9","0.85","meeting"
"KR-M004-KPI-PIT-03-202511","M004","KPI-PIT-03","2025-11-01","5.4","5","7","approaching"
"KR-M004-KPI-USC-04-202511","M004","KPI-USC-04","2025-11-01","0.947","0.95","0.93","approaching"
"KR-M004-KPI-ERR-05-202511","M004","KPI-ERR-05","2025-11-01","0.82","0.8","0.75","meeting"
"KR-M004-KPI-CSI-06-202511","M004","KPI-CSI-06","2025-11-01","0.758","0.75","0.7","meeting"
"KR-M004-KPI-VDQ-01-202512","M004","KPI-VDQ-01","2025-12-01","0.875","0.85","0.75","meeting"
"KR-M004-KPI-SRC-02-202512","M004","KPI-SRC-02","2025-12-01","0.9383","0.9","0.85","meeting"
"KR-M004-KPI-PIT-03-202512","M004","KPI-PIT-03","2025-12-01","5.4","5","7","approaching"
"KR-M004-KPI-USC-04-202512","M004","KPI-USC-04","2025-12-01","0.947","0.95","0.93","approaching"
"KR-M004-KPI-ERR-05-202512","M004","KPI-ERR-05","2025-12-01","0.82","0.8","0.75","meeting"
"KR-M004-KPI-CSI-06-202512","M004","KPI-CSI-06","2025-12-01","0.758","0.75","0.7","meeting"
"KR-M004-KPI-VDQ-01-202601","M004","KPI-VDQ-01","2026-01-01","0.875","0.85","0.75","meeting"
"KR-M004-KPI-SRC-02-202601","M004","KPI-SRC-02","2026-01-01","0.9286","0.9","0.85","meeting"
"KR-M004-KPI-PIT-03-202601","M004","KPI-PIT-03","2026-01-01","5.4","5","7","approaching"
"KR-M004-KPI-USC-04-202601","M004","KPI-USC-04","2026-01-01","0.947","0.95","0.93","approaching"
"KR-M004-KPI-ERR-05-202601","M004","KPI-ERR-05","2026-01-01","0.82","0.8","0.75","meeting"
"KR-M004-KPI-CSI-06-202601","M004","KPI-CSI-06","2026-01-01","0.758","0.75","0.7","meeting"
"KR-M004-KPI-VDQ-01-202602","M004","KPI-VDQ-01","2026-02-01","0.875","0.85","0.75","meeting"
"KR-M004-KPI-SRC-02-202602","M004","KPI-SRC-02","2026-02-01","0.9296","0.9","0.85","meeting"
"KR-M004-KPI-PIT-03-202602","M004","KPI-PIT-03","2026-02-01","5.4","5","7","approaching"
"KR-M004-KPI-USC-04-202602","M004","KPI-USC-04","2026-02-01","0.947","0.95","0.93","approaching"
"KR-M004-KPI-ERR-05-202602","M004","KPI-ERR-05","2026-02-01","0.82","0.8","0.75","meeting"
"KR-M004-KPI-CSI-06-202602","M004","KPI-CSI-06","2026-02-01","0.758","0.75","0.7","meeting"
"KR-M004-KPI-VDQ-01-202603","M004","KPI-VDQ-01","2026-03-01","0.875","0.85","0.75","meeting"
"KR-M004-KPI-SRC-02-202603","M004","KPI-SRC-02","2026-03-01","0.9306","0.9","0.85","meeting"
"KR-M004-KPI-PIT-03-202603","M004","KPI-PIT-03","2026-03-01","5.4","5","7","approaching"
"KR-M004-KPI-USC-04-202603","M004","KPI-USC-04","2026-03-01","0.947","0.95","0.93","approaching"
"KR-M004-KPI-ERR-05-202603","M004","KPI-ERR-05","2026-03-01","0.82","0.8","0.75","meeting"
"KR-M004-KPI-CSI-06-202603","M004","KPI-CSI-06","2026-03-01","0.758","0.75","0.7","meeting"
"KR-M004-KPI-VDQ-01-202604","M004","KPI-VDQ-01","2026-04-01","0.875","0.85","0.75","meeting"
"KR-M004-KPI-SRC-02-202604","M004","KPI-SRC-02","2026-04-01","0.9315","0.9","0.85","meeting"
"KR-M004-KPI-PIT-03-202604","M004","KPI-PIT-03","2026-04-01","5.4","5","7","approaching"
"KR-M004-KPI-USC-04-202604","M004","KPI-USC-04","2026-04-01","0.947","0.95","0.93","approaching"
"KR-M004-KPI-ERR-05-202604","M004","KPI-ERR-05","2026-04-01","0.82","0.8","0.75","meeting"
"KR-M004-KPI-CSI-06-202604","M004","KPI-CSI-06","2026-04-01","0.758","0.75","0.7","meeting"
"KR-M004-KPI-VDQ-01-202605","M004","KPI-VDQ-01","2026-05-01","0.875","0.85","0.75","meeting"
"KR-M004-KPI-SRC-02-202605","M004","KPI-SRC-02","2026-05-01","0.9324","0.9","0.85","meeting"
"KR-M004-KPI-PIT-03-202605","M004","KPI-PIT-03","2026-05-01","5.4","5","7","approaching"
"KR-M004-KPI-USC-04-202605","M004","KPI-USC-04","2026-05-01","0.947","0.95","0.93","approaching"
"KR-M004-KPI-ERR-05-202605","M004","KPI-ERR-05","2026-05-01","0.82","0.8","0.75","meeting"
"KR-M004-KPI-CSI-06-202605","M004","KPI-CSI-06","2026-05-01","0.758","0.75","0.7","meeting"
"KR-M004-KPI-VDQ-01-202606","M004","KPI-VDQ-01","2026-06-01","0.875","0.85","0.75","meeting"
"KR-M004-KPI-SRC-02-202606","M004","KPI-SRC-02","2026-06-01","0.9333","0.9","0.85","meeting"
"KR-M004-KPI-PIT-03-202606","M004","KPI-PIT-03","2026-06-01","5.4","5","7","approaching"
"KR-M004-KPI-USC-04-202606","M004","KPI-USC-04","2026-06-01","0.947","0.95","0.93","approaching"
"KR-M004-KPI-ERR-05-202606","M004","KPI-ERR-05","2026-06-01","0.82","0.8","0.75","meeting"
"KR-M004-KPI-CSI-06-202606","M004","KPI-CSI-06","2026-06-01","0.758","0.75","0.7","meeting"
"KR-M005-KPI-VDQ-01-202501","M005","KPI-VDQ-01","2025-01-01","0.8333","0.85","0.75","approaching"
"KR-M005-KPI-SRC-02-202501","M005","KPI-SRC-02","2025-01-01","0.9286","0.9","0.85","meeting"
"KR-M005-KPI-PIT-03-202501","M005","KPI-PIT-03","2025-01-01","5.7","5","7","approaching"
"KR-M005-KPI-USC-04-202501","M005","KPI-USC-04","2025-01-01","0.944","0.95","0.93","approaching"
"KR-M005-KPI-ERR-05-202501","M005","KPI-ERR-05","2025-01-01","0.816","0.8","0.75","meeting"
"KR-M005-KPI-CSI-06-202501","M005","KPI-CSI-06","2025-01-01","0.755","0.75","0.7","meeting"
"KR-M005-KPI-VDQ-01-202502","M005","KPI-VDQ-01","2025-02-01","0.8333","0.85","0.75","approaching"
"KR-M005-KPI-SRC-02-202502","M005","KPI-SRC-02","2025-02-01","0.9296","0.9","0.85","meeting"
"KR-M005-KPI-PIT-03-202502","M005","KPI-PIT-03","2025-02-01","5.7","5","7","approaching"
"KR-M005-KPI-USC-04-202502","M005","KPI-USC-04","2025-02-01","0.944","0.95","0.93","approaching"
"KR-M005-KPI-ERR-05-202502","M005","KPI-ERR-05","2025-02-01","0.816","0.8","0.75","meeting"
"KR-M005-KPI-CSI-06-202502","M005","KPI-CSI-06","2025-02-01","0.755","0.75","0.7","meeting"
"KR-M005-KPI-VDQ-01-202503","M005","KPI-VDQ-01","2025-03-01","0.8333","0.85","0.75","approaching"
"KR-M005-KPI-SRC-02-202503","M005","KPI-SRC-02","2025-03-01","0.9306","0.9","0.85","meeting"
"KR-M005-KPI-PIT-03-202503","M005","KPI-PIT-03","2025-03-01","5.7","5","7","approaching"
"KR-M005-KPI-USC-04-202503","M005","KPI-USC-04","2025-03-01","0.944","0.95","0.93","approaching"
"KR-M005-KPI-ERR-05-202503","M005","KPI-ERR-05","2025-03-01","0.816","0.8","0.75","meeting"
"KR-M005-KPI-CSI-06-202503","M005","KPI-CSI-06","2025-03-01","0.755","0.75","0.7","meeting"
"KR-M005-KPI-VDQ-01-202504","M005","KPI-VDQ-01","2025-04-01","0.8333","0.85","0.75","approaching"
"KR-M005-KPI-SRC-02-202504","M005","KPI-SRC-02","2025-04-01","0.9315","0.9","0.85","meeting"
"KR-M005-KPI-PIT-03-202504","M005","KPI-PIT-03","2025-04-01","5.7","5","7","approaching"
"KR-M005-KPI-USC-04-202504","M005","KPI-USC-04","2025-04-01","0.944","0.95","0.93","approaching"
"KR-M005-KPI-ERR-05-202504","M005","KPI-ERR-05","2025-04-01","0.816","0.8","0.75","meeting"
"KR-M005-KPI-CSI-06-202504","M005","KPI-CSI-06","2025-04-01","0.755","0.75","0.7","meeting"
"KR-M005-KPI-VDQ-01-202505","M005","KPI-VDQ-01","2025-05-01","0.8333","0.85","0.75","approaching"
"KR-M005-KPI-SRC-02-202505","M005","KPI-SRC-02","2025-05-01","0.9324","0.9","0.85","meeting"
"KR-M005-KPI-PIT-03-202505","M005","KPI-PIT-03","2025-05-01","5.7","5","7","approaching"
"KR-M005-KPI-USC-04-202505","M005","KPI-USC-04","2025-05-01","0.944","0.95","0.93","approaching"
"KR-M005-KPI-ERR-05-202505","M005","KPI-ERR-05","2025-05-01","0.816","0.8","0.75","meeting"
"KR-M005-KPI-CSI-06-202505","M005","KPI-CSI-06","2025-05-01","0.755","0.75","0.7","meeting"
"KR-M005-KPI-VDQ-01-202506","M005","KPI-VDQ-01","2025-06-01","0.8333","0.85","0.75","approaching"
"KR-M005-KPI-SRC-02-202506","M005","KPI-SRC-02","2025-06-01","0.9333","0.9","0.85","meeting"
"KR-M005-KPI-PIT-03-202506","M005","KPI-PIT-03","2025-06-01","5.7","5","7","approaching"
"KR-M005-KPI-USC-04-202506","M005","KPI-USC-04","2025-06-01","0.944","0.95","0.93","approaching"
"KR-M005-KPI-ERR-05-202506","M005","KPI-ERR-05","2025-06-01","0.816","0.8","0.75","meeting"
"KR-M005-KPI-CSI-06-202506","M005","KPI-CSI-06","2025-06-01","0.755","0.75","0.7","meeting"
"KR-M005-KPI-VDQ-01-202507","M005","KPI-VDQ-01","2025-07-01","0.8333","0.85","0.75","approaching"
"KR-M005-KPI-SRC-02-202507","M005","KPI-SRC-02","2025-07-01","0.9342","0.9","0.85","meeting"
"KR-M005-KPI-PIT-03-202507","M005","KPI-PIT-03","2025-07-01","5.7","5","7","approaching"
"KR-M005-KPI-USC-04-202507","M005","KPI-USC-04","2025-07-01","0.944","0.95","0.93","approaching"
"KR-M005-KPI-ERR-05-202507","M005","KPI-ERR-05","2025-07-01","0.816","0.8","0.75","meeting"
"KR-M005-KPI-CSI-06-202507","M005","KPI-CSI-06","2025-07-01","0.755","0.75","0.7","meeting"
"KR-M005-KPI-VDQ-01-202508","M005","KPI-VDQ-01","2025-08-01","0.8333","0.85","0.75","approaching"
"KR-M005-KPI-SRC-02-202508","M005","KPI-SRC-02","2025-08-01","0.9351","0.9","0.85","meeting"
"KR-M005-KPI-PIT-03-202508","M005","KPI-PIT-03","2025-08-01","5.7","5","7","approaching"
"KR-M005-KPI-USC-04-202508","M005","KPI-USC-04","2025-08-01","0.944","0.95","0.93","approaching"
"KR-M005-KPI-ERR-05-202508","M005","KPI-ERR-05","2025-08-01","0.816","0.8","0.75","meeting"
"KR-M005-KPI-CSI-06-202508","M005","KPI-CSI-06","2025-08-01","0.755","0.75","0.7","meeting"
"KR-M005-KPI-VDQ-01-202509","M005","KPI-VDQ-01","2025-09-01","0.8333","0.85","0.75","approaching"
"KR-M005-KPI-SRC-02-202509","M005","KPI-SRC-02","2025-09-01","0.9359","0.9","0.85","meeting"
"KR-M005-KPI-PIT-03-202509","M005","KPI-PIT-03","2025-09-01","5.7","5","7","approaching"
"KR-M005-KPI-USC-04-202509","M005","KPI-USC-04","2025-09-01","0.944","0.95","0.93","approaching"
"KR-M005-KPI-ERR-05-202509","M005","KPI-ERR-05","2025-09-01","0.816","0.8","0.75","meeting"
"KR-M005-KPI-CSI-06-202509","M005","KPI-CSI-06","2025-09-01","0.755","0.75","0.7","meeting"
"KR-M005-KPI-VDQ-01-202510","M005","KPI-VDQ-01","2025-10-01","0.8333","0.85","0.75","approaching"
"KR-M005-KPI-SRC-02-202510","M005","KPI-SRC-02","2025-10-01","0.9367","0.9","0.85","meeting"
"KR-M005-KPI-PIT-03-202510","M005","KPI-PIT-03","2025-10-01","5.7","5","7","approaching"
"KR-M005-KPI-USC-04-202510","M005","KPI-USC-04","2025-10-01","0.944","0.95","0.93","approaching"
"KR-M005-KPI-ERR-05-202510","M005","KPI-ERR-05","2025-10-01","0.816","0.8","0.75","meeting"
"KR-M005-KPI-CSI-06-202510","M005","KPI-CSI-06","2025-10-01","0.755","0.75","0.7","meeting"
"KR-M005-KPI-VDQ-01-202511","M005","KPI-VDQ-01","2025-11-01","0.8333","0.85","0.75","approaching"
"KR-M005-KPI-SRC-02-202511","M005","KPI-SRC-02","2025-11-01","0.9375","0.9","0.85","meeting"
"KR-M005-KPI-PIT-03-202511","M005","KPI-PIT-03","2025-11-01","5.7","5","7","approaching"
"KR-M005-KPI-USC-04-202511","M005","KPI-USC-04","2025-11-01","0.944","0.95","0.93","approaching"
"KR-M005-KPI-ERR-05-202511","M005","KPI-ERR-05","2025-11-01","0.816","0.8","0.75","meeting"
"KR-M005-KPI-CSI-06-202511","M005","KPI-CSI-06","2025-11-01","0.755","0.75","0.7","meeting"
"KR-M005-KPI-VDQ-01-202512","M005","KPI-VDQ-01","2025-12-01","0.8333","0.85","0.75","approaching"
"KR-M005-KPI-SRC-02-202512","M005","KPI-SRC-02","2025-12-01","0.9383","0.9","0.85","meeting"
"KR-M005-KPI-PIT-03-202512","M005","KPI-PIT-03","2025-12-01","5.7","5","7","approaching"
"KR-M005-KPI-USC-04-202512","M005","KPI-USC-04","2025-12-01","0.944","0.95","0.93","approaching"
"KR-M005-KPI-ERR-05-202512","M005","KPI-ERR-05","2025-12-01","0.816","0.8","0.75","meeting"
"KR-M005-KPI-CSI-06-202512","M005","KPI-CSI-06","2025-12-01","0.755","0.75","0.7","meeting"
"KR-M005-KPI-VDQ-01-202601","M005","KPI-VDQ-01","2026-01-01","0.8333","0.85","0.75","approaching"
"KR-M005-KPI-SRC-02-202601","M005","KPI-SRC-02","2026-01-01","0.9286","0.9","0.85","meeting"
"KR-M005-KPI-PIT-03-202601","M005","KPI-PIT-03","2026-01-01","5.7","5","7","approaching"
"KR-M005-KPI-USC-04-202601","M005","KPI-USC-04","2026-01-01","0.944","0.95","0.93","approaching"
"KR-M005-KPI-ERR-05-202601","M005","KPI-ERR-05","2026-01-01","0.816","0.8","0.75","meeting"
"KR-M005-KPI-CSI-06-202601","M005","KPI-CSI-06","2026-01-01","0.755","0.75","0.7","meeting"
"KR-M005-KPI-VDQ-01-202602","M005","KPI-VDQ-01","2026-02-01","0.8333","0.85","0.75","approaching"
"KR-M005-KPI-SRC-02-202602","M005","KPI-SRC-02","2026-02-01","0.9296","0.9","0.85","meeting"
"KR-M005-KPI-PIT-03-202602","M005","KPI-PIT-03","2026-02-01","5.7","5","7","approaching"
"KR-M005-KPI-USC-04-202602","M005","KPI-USC-04","2026-02-01","0.944","0.95","0.93","approaching"
"KR-M005-KPI-ERR-05-202602","M005","KPI-ERR-05","2026-02-01","0.816","0.8","0.75","meeting"
"KR-M005-KPI-CSI-06-202602","M005","KPI-CSI-06","2026-02-01","0.755","0.75","0.7","meeting"
"KR-M005-KPI-VDQ-01-202603","M005","KPI-VDQ-01","2026-03-01","0.8333","0.85","0.75","approaching"
"KR-M005-KPI-SRC-02-202603","M005","KPI-SRC-02","2026-03-01","0.9306","0.9","0.85","meeting"
"KR-M005-KPI-PIT-03-202603","M005","KPI-PIT-03","2026-03-01","5.7","5","7","approaching"
"KR-M005-KPI-USC-04-202603","M005","KPI-USC-04","2026-03-01","0.944","0.95","0.93","approaching"
"KR-M005-KPI-ERR-05-202603","M005","KPI-ERR-05","2026-03-01","0.816","0.8","0.75","meeting"
"KR-M005-KPI-CSI-06-202603","M005","KPI-CSI-06","2026-03-01","0.755","0.75","0.7","meeting"
"KR-M005-KPI-VDQ-01-202604","M005","KPI-VDQ-01","2026-04-01","0.8333","0.85","0.75","approaching"
"KR-M005-KPI-SRC-02-202604","M005","KPI-SRC-02","2026-04-01","0.9315","0.9","0.85","meeting"
"KR-M005-KPI-PIT-03-202604","M005","KPI-PIT-03","2026-04-01","5.7","5","7","approaching"
"KR-M005-KPI-USC-04-202604","M005","KPI-USC-04","2026-04-01","0.944","0.95","0.93","approaching"
"KR-M005-KPI-ERR-05-202604","M005","KPI-ERR-05","2026-04-01","0.816","0.8","0.75","meeting"
"KR-M005-KPI-CSI-06-202604","M005","KPI-CSI-06","2026-04-01","0.755","0.75","0.7","meeting"
"KR-M005-KPI-VDQ-01-202605","M005","KPI-VDQ-01","2026-05-01","0.8333","0.85","0.75","approaching"
"KR-M005-KPI-SRC-02-202605","M005","KPI-SRC-02","2026-05-01","0.9324","0.9","0.85","meeting"
"KR-M005-KPI-PIT-03-202605","M005","KPI-PIT-03","2026-05-01","5.7","5","7","approaching"
"KR-M005-KPI-USC-04-202605","M005","KPI-USC-04","2026-05-01","0.944","0.95","0.93","approaching"
"KR-M005-KPI-ERR-05-202605","M005","KPI-ERR-05","2026-05-01","0.816","0.8","0.75","meeting"
"KR-M005-KPI-CSI-06-202605","M005","KPI-CSI-06","2026-05-01","0.755","0.75","0.7","meeting"
"KR-M005-KPI-VDQ-01-202606","M005","KPI-VDQ-01","2026-06-01","0.8333","0.85","0.75","approaching"
"KR-M005-KPI-SRC-02-202606","M005","KPI-SRC-02","2026-06-01","0.9333","0.9","0.85","meeting"
"KR-M005-KPI-PIT-03-202606","M005","KPI-PIT-03","2026-06-01","5.7","5","7","approaching"
"KR-M005-KPI-USC-04-202606","M005","KPI-USC-04","2026-06-01","0.944","0.95","0.93","approaching"
"KR-M005-KPI-ERR-05-202606","M005","KPI-ERR-05","2026-06-01","0.816","0.8","0.75","meeting"
"KR-M005-KPI-CSI-06-202606","M005","KPI-CSI-06","2026-06-01","0.755","0.75","0.7","meeting"
"KR-M006-KPI-VDQ-01-202501","M006","KPI-VDQ-01","2025-01-01","0.8462","0.85","0.75","approaching"
"KR-M006-KPI-SRC-02-202501","M006","KPI-SRC-02","2025-01-01","0.9315","0.9","0.85","meeting"
"KR-M006-KPI-PIT-03-202501","M006","KPI-PIT-03","2025-01-01","6","5","7","approaching"
"KR-M006-KPI-USC-04-202501","M006","KPI-USC-04","2025-01-01","0.95","0.95","0.93","meeting"
"KR-M006-KPI-ERR-05-202501","M006","KPI-ERR-05","2025-01-01","0.812","0.8","0.75","meeting"
"KR-M006-KPI-CSI-06-202501","M006","KPI-CSI-06","2025-01-01","0.77","0.75","0.7","meeting"
"KR-M006-KPI-VDQ-01-202502","M006","KPI-VDQ-01","2025-02-01","0.8462","0.85","0.75","approaching"
"KR-M006-KPI-SRC-02-202502","M006","KPI-SRC-02","2025-02-01","0.9324","0.9","0.85","meeting"
"KR-M006-KPI-PIT-03-202502","M006","KPI-PIT-03","2025-02-01","6","5","7","approaching"
"KR-M006-KPI-USC-04-202502","M006","KPI-USC-04","2025-02-01","0.95","0.95","0.93","meeting"
"KR-M006-KPI-ERR-05-202502","M006","KPI-ERR-05","2025-02-01","0.812","0.8","0.75","meeting"
"KR-M006-KPI-CSI-06-202502","M006","KPI-CSI-06","2025-02-01","0.77","0.75","0.7","meeting"
"KR-M006-KPI-VDQ-01-202503","M006","KPI-VDQ-01","2025-03-01","0.8462","0.85","0.75","approaching"
"KR-M006-KPI-SRC-02-202503","M006","KPI-SRC-02","2025-03-01","0.9333","0.9","0.85","meeting"
"KR-M006-KPI-PIT-03-202503","M006","KPI-PIT-03","2025-03-01","6","5","7","approaching"
"KR-M006-KPI-USC-04-202503","M006","KPI-USC-04","2025-03-01","0.95","0.95","0.93","meeting"
"KR-M006-KPI-ERR-05-202503","M006","KPI-ERR-05","2025-03-01","0.812","0.8","0.75","meeting"
"KR-M006-KPI-CSI-06-202503","M006","KPI-CSI-06","2025-03-01","0.77","0.75","0.7","meeting"
"KR-M006-KPI-VDQ-01-202504","M006","KPI-VDQ-01","2025-04-01","0.8462","0.85","0.75","approaching"
"KR-M006-KPI-SRC-02-202504","M006","KPI-SRC-02","2025-04-01","0.9342","0.9","0.85","meeting"
"KR-M006-KPI-PIT-03-202504","M006","KPI-PIT-03","2025-04-01","6","5","7","approaching"
"KR-M006-KPI-USC-04-202504","M006","KPI-USC-04","2025-04-01","0.95","0.95","0.93","meeting"
"KR-M006-KPI-ERR-05-202504","M006","KPI-ERR-05","2025-04-01","0.812","0.8","0.75","meeting"
"KR-M006-KPI-CSI-06-202504","M006","KPI-CSI-06","2025-04-01","0.77","0.75","0.7","meeting"
"KR-M006-KPI-VDQ-01-202505","M006","KPI-VDQ-01","2025-05-01","0.8462","0.85","0.75","approaching"
"KR-M006-KPI-SRC-02-202505","M006","KPI-SRC-02","2025-05-01","0.9351","0.9","0.85","meeting"
"KR-M006-KPI-PIT-03-202505","M006","KPI-PIT-03","2025-05-01","6","5","7","approaching"
"KR-M006-KPI-USC-04-202505","M006","KPI-USC-04","2025-05-01","0.95","0.95","0.93","meeting"
"KR-M006-KPI-ERR-05-202505","M006","KPI-ERR-05","2025-05-01","0.812","0.8","0.75","meeting"
"KR-M006-KPI-CSI-06-202505","M006","KPI-CSI-06","2025-05-01","0.77","0.75","0.7","meeting"
"KR-M006-KPI-VDQ-01-202506","M006","KPI-VDQ-01","2025-06-01","0.8462","0.85","0.75","approaching"
"KR-M006-KPI-SRC-02-202506","M006","KPI-SRC-02","2025-06-01","0.9359","0.9","0.85","meeting"
"KR-M006-KPI-PIT-03-202506","M006","KPI-PIT-03","2025-06-01","6","5","7","approaching"
"KR-M006-KPI-USC-04-202506","M006","KPI-USC-04","2025-06-01","0.95","0.95","0.93","meeting"
"KR-M006-KPI-ERR-05-202506","M006","KPI-ERR-05","2025-06-01","0.812","0.8","0.75","meeting"
"KR-M006-KPI-CSI-06-202506","M006","KPI-CSI-06","2025-06-01","0.77","0.75","0.7","meeting"
"KR-M006-KPI-VDQ-01-202507","M006","KPI-VDQ-01","2025-07-01","0.8462","0.85","0.75","approaching"
"KR-M006-KPI-SRC-02-202507","M006","KPI-SRC-02","2025-07-01","0.9367","0.9","0.85","meeting"
"KR-M006-KPI-PIT-03-202507","M006","KPI-PIT-03","2025-07-01","6","5","7","approaching"
"KR-M006-KPI-USC-04-202507","M006","KPI-USC-04","2025-07-01","0.95","0.95","0.93","meeting"
"KR-M006-KPI-ERR-05-202507","M006","KPI-ERR-05","2025-07-01","0.812","0.8","0.75","meeting"
"KR-M006-KPI-CSI-06-202507","M006","KPI-CSI-06","2025-07-01","0.77","0.75","0.7","meeting"
"KR-M006-KPI-VDQ-01-202508","M006","KPI-VDQ-01","2025-08-01","0.8462","0.85","0.75","approaching"
"KR-M006-KPI-SRC-02-202508","M006","KPI-SRC-02","2025-08-01","0.9375","0.9","0.85","meeting"
"KR-M006-KPI-PIT-03-202508","M006","KPI-PIT-03","2025-08-01","6","5","7","approaching"
"KR-M006-KPI-USC-04-202508","M006","KPI-USC-04","2025-08-01","0.95","0.95","0.93","meeting"
"KR-M006-KPI-ERR-05-202508","M006","KPI-ERR-05","2025-08-01","0.812","0.8","0.75","meeting"
"KR-M006-KPI-CSI-06-202508","M006","KPI-CSI-06","2025-08-01","0.77","0.75","0.7","meeting"
"KR-M006-KPI-VDQ-01-202509","M006","KPI-VDQ-01","2025-09-01","0.8462","0.85","0.75","approaching"
"KR-M006-KPI-SRC-02-202509","M006","KPI-SRC-02","2025-09-01","0.9383","0.9","0.85","meeting"
"KR-M006-KPI-PIT-03-202509","M006","KPI-PIT-03","2025-09-01","6","5","7","approaching"
"KR-M006-KPI-USC-04-202509","M006","KPI-USC-04","2025-09-01","0.95","0.95","0.93","meeting"
"KR-M006-KPI-ERR-05-202509","M006","KPI-ERR-05","2025-09-01","0.812","0.8","0.75","meeting"
"KR-M006-KPI-CSI-06-202509","M006","KPI-CSI-06","2025-09-01","0.77","0.75","0.7","meeting"
"KR-M006-KPI-VDQ-01-202510","M006","KPI-VDQ-01","2025-10-01","0.8462","0.85","0.75","approaching"
"KR-M006-KPI-SRC-02-202510","M006","KPI-SRC-02","2025-10-01","0.939","0.9","0.85","meeting"
"KR-M006-KPI-PIT-03-202510","M006","KPI-PIT-03","2025-10-01","6","5","7","approaching"
"KR-M006-KPI-USC-04-202510","M006","KPI-USC-04","2025-10-01","0.95","0.95","0.93","meeting"
"KR-M006-KPI-ERR-05-202510","M006","KPI-ERR-05","2025-10-01","0.812","0.8","0.75","meeting"
"KR-M006-KPI-CSI-06-202510","M006","KPI-CSI-06","2025-10-01","0.77","0.75","0.7","meeting"
"KR-M006-KPI-VDQ-01-202511","M006","KPI-VDQ-01","2025-11-01","0.8462","0.85","0.75","approaching"
"KR-M006-KPI-SRC-02-202511","M006","KPI-SRC-02","2025-11-01","0.9398","0.9","0.85","meeting"
"KR-M006-KPI-PIT-03-202511","M006","KPI-PIT-03","2025-11-01","6","5","7","approaching"
"KR-M006-KPI-USC-04-202511","M006","KPI-USC-04","2025-11-01","0.95","0.95","0.93","meeting"
"KR-M006-KPI-ERR-05-202511","M006","KPI-ERR-05","2025-11-01","0.812","0.8","0.75","meeting"
"KR-M006-KPI-CSI-06-202511","M006","KPI-CSI-06","2025-11-01","0.77","0.75","0.7","meeting"
"KR-M006-KPI-VDQ-01-202512","M006","KPI-VDQ-01","2025-12-01","0.8462","0.85","0.75","approaching"
"KR-M006-KPI-SRC-02-202512","M006","KPI-SRC-02","2025-12-01","0.9405","0.9","0.85","meeting"
"KR-M006-KPI-PIT-03-202512","M006","KPI-PIT-03","2025-12-01","6","5","7","approaching"
"KR-M006-KPI-USC-04-202512","M006","KPI-USC-04","2025-12-01","0.95","0.95","0.93","meeting"
"KR-M006-KPI-ERR-05-202512","M006","KPI-ERR-05","2025-12-01","0.812","0.8","0.75","meeting"
"KR-M006-KPI-CSI-06-202512","M006","KPI-CSI-06","2025-12-01","0.77","0.75","0.7","meeting"
"KR-M006-KPI-VDQ-01-202601","M006","KPI-VDQ-01","2026-01-01","0.8462","0.85","0.75","approaching"
"KR-M006-KPI-SRC-02-202601","M006","KPI-SRC-02","2026-01-01","0.9315","0.9","0.85","meeting"
"KR-M006-KPI-PIT-03-202601","M006","KPI-PIT-03","2026-01-01","6","5","7","approaching"
"KR-M006-KPI-USC-04-202601","M006","KPI-USC-04","2026-01-01","0.95","0.95","0.93","meeting"
"KR-M006-KPI-ERR-05-202601","M006","KPI-ERR-05","2026-01-01","0.812","0.8","0.75","meeting"
"KR-M006-KPI-CSI-06-202601","M006","KPI-CSI-06","2026-01-01","0.77","0.75","0.7","meeting"
"KR-M006-KPI-VDQ-01-202602","M006","KPI-VDQ-01","2026-02-01","0.8462","0.85","0.75","approaching"
"KR-M006-KPI-SRC-02-202602","M006","KPI-SRC-02","2026-02-01","0.9324","0.9","0.85","meeting"
"KR-M006-KPI-PIT-03-202602","M006","KPI-PIT-03","2026-02-01","6","5","7","approaching"
"KR-M006-KPI-USC-04-202602","M006","KPI-USC-04","2026-02-01","0.95","0.95","0.93","meeting"
"KR-M006-KPI-ERR-05-202602","M006","KPI-ERR-05","2026-02-01","0.812","0.8","0.75","meeting"
"KR-M006-KPI-CSI-06-202602","M006","KPI-CSI-06","2026-02-01","0.77","0.75","0.7","meeting"
"KR-M006-KPI-VDQ-01-202603","M006","KPI-VDQ-01","2026-03-01","0.8462","0.85","0.75","approaching"
"KR-M006-KPI-SRC-02-202603","M006","KPI-SRC-02","2026-03-01","0.9333","0.9","0.85","meeting"
"KR-M006-KPI-PIT-03-202603","M006","KPI-PIT-03","2026-03-01","6","5","7","approaching"
"KR-M006-KPI-USC-04-202603","M006","KPI-USC-04","2026-03-01","0.95","0.95","0.93","meeting"
"KR-M006-KPI-ERR-05-202603","M006","KPI-ERR-05","2026-03-01","0.812","0.8","0.75","meeting"
"KR-M006-KPI-CSI-06-202603","M006","KPI-CSI-06","2026-03-01","0.77","0.75","0.7","meeting"
"KR-M006-KPI-VDQ-01-202604","M006","KPI-VDQ-01","2026-04-01","0.8462","0.85","0.75","approaching"
"KR-M006-KPI-SRC-02-202604","M006","KPI-SRC-02","2026-04-01","0.9342","0.9","0.85","meeting"
"KR-M006-KPI-PIT-03-202604","M006","KPI-PIT-03","2026-04-01","6","5","7","approaching"
"KR-M006-KPI-USC-04-202604","M006","KPI-USC-04","2026-04-01","0.95","0.95","0.93","meeting"
"KR-M006-KPI-ERR-05-202604","M006","KPI-ERR-05","2026-04-01","0.812","0.8","0.75","meeting"
"KR-M006-KPI-CSI-06-202604","M006","KPI-CSI-06","2026-04-01","0.77","0.75","0.7","meeting"
"KR-M006-KPI-VDQ-01-202605","M006","KPI-VDQ-01","2026-05-01","0.8462","0.85","0.75","approaching"
"KR-M006-KPI-SRC-02-202605","M006","KPI-SRC-02","2026-05-01","0.9351","0.9","0.85","meeting"
"KR-M006-KPI-PIT-03-202605","M006","KPI-PIT-03","2026-05-01","6","5","7","approaching"
"KR-M006-KPI-USC-04-202605","M006","KPI-USC-04","2026-05-01","0.95","0.95","0.93","meeting"
"KR-M006-KPI-ERR-05-202605","M006","KPI-ERR-05","2026-05-01","0.812","0.8","0.75","meeting"
"KR-M006-KPI-CSI-06-202605","M006","KPI-CSI-06","2026-05-01","0.77","0.75","0.7","meeting"
"KR-M006-KPI-VDQ-01-202606","M006","KPI-VDQ-01","2026-06-01","0.8462","0.85","0.75","approaching"
"KR-M006-KPI-SRC-02-202606","M006","KPI-SRC-02","2026-06-01","0.9359","0.9","0.85","meeting"
"KR-M006-KPI-PIT-03-202606","M006","KPI-PIT-03","2026-06-01","6","5","7","approaching"
"KR-M006-KPI-USC-04-202606","M006","KPI-USC-04","2026-06-01","0.95","0.95","0.93","meeting"
"KR-M006-KPI-ERR-05-202606","M006","KPI-ERR-05","2026-06-01","0.812","0.8","0.75","meeting"
"KR-M006-KPI-CSI-06-202606","M006","KPI-CSI-06","2026-06-01","0.77","0.75","0.7","meeting"
"KR-M007-KPI-VDQ-01-202501","M007","KPI-VDQ-01","2025-01-01","0.8571","0.85","0.75","meeting"
"KR-M007-KPI-SRC-02-202501","M007","KPI-SRC-02","2025-01-01","0.9315","0.9","0.85","meeting"
"KR-M007-KPI-PIT-03-202501","M007","KPI-PIT-03","2025-01-01","6.3","5","7","approaching"
"KR-M007-KPI-USC-04-202501","M007","KPI-USC-04","2025-01-01","0.947","0.95","0.93","approaching"
"KR-M007-KPI-ERR-05-202501","M007","KPI-ERR-05","2025-01-01","0.808","0.8","0.75","meeting"
"KR-M007-KPI-CSI-06-202501","M007","KPI-CSI-06","2025-01-01","0.767","0.75","0.7","meeting"
"KR-M007-KPI-VDQ-01-202502","M007","KPI-VDQ-01","2025-02-01","0.8571","0.85","0.75","meeting"
"KR-M007-KPI-SRC-02-202502","M007","KPI-SRC-02","2025-02-01","0.9324","0.9","0.85","meeting"
"KR-M007-KPI-PIT-03-202502","M007","KPI-PIT-03","2025-02-01","6.3","5","7","approaching"
"KR-M007-KPI-USC-04-202502","M007","KPI-USC-04","2025-02-01","0.947","0.95","0.93","approaching"
"KR-M007-KPI-ERR-05-202502","M007","KPI-ERR-05","2025-02-01","0.808","0.8","0.75","meeting"
"KR-M007-KPI-CSI-06-202502","M007","KPI-CSI-06","2025-02-01","0.767","0.75","0.7","meeting"
"KR-M007-KPI-VDQ-01-202503","M007","KPI-VDQ-01","2025-03-01","0.8571","0.85","0.75","meeting"
"KR-M007-KPI-SRC-02-202503","M007","KPI-SRC-02","2025-03-01","0.9333","0.9","0.85","meeting"
"KR-M007-KPI-PIT-03-202503","M007","KPI-PIT-03","2025-03-01","6.3","5","7","approaching"
"KR-M007-KPI-USC-04-202503","M007","KPI-USC-04","2025-03-01","0.947","0.95","0.93","approaching"
"KR-M007-KPI-ERR-05-202503","M007","KPI-ERR-05","2025-03-01","0.808","0.8","0.75","meeting"
"KR-M007-KPI-CSI-06-202503","M007","KPI-CSI-06","2025-03-01","0.767","0.75","0.7","meeting"
"KR-M007-KPI-VDQ-01-202504","M007","KPI-VDQ-01","2025-04-01","0.8571","0.85","0.75","meeting"
"KR-M007-KPI-SRC-02-202504","M007","KPI-SRC-02","2025-04-01","0.9342","0.9","0.85","meeting"
"KR-M007-KPI-PIT-03-202504","M007","KPI-PIT-03","2025-04-01","6.3","5","7","approaching"
"KR-M007-KPI-USC-04-202504","M007","KPI-USC-04","2025-04-01","0.947","0.95","0.93","approaching"
"KR-M007-KPI-ERR-05-202504","M007","KPI-ERR-05","2025-04-01","0.808","0.8","0.75","meeting"
"KR-M007-KPI-CSI-06-202504","M007","KPI-CSI-06","2025-04-01","0.767","0.75","0.7","meeting"
"KR-M007-KPI-VDQ-01-202505","M007","KPI-VDQ-01","2025-05-01","0.8571","0.85","0.75","meeting"
"KR-M007-KPI-SRC-02-202505","M007","KPI-SRC-02","2025-05-01","0.9351","0.9","0.85","meeting"
"KR-M007-KPI-PIT-03-202505","M007","KPI-PIT-03","2025-05-01","6.3","5","7","approaching"
"KR-M007-KPI-USC-04-202505","M007","KPI-USC-04","2025-05-01","0.947","0.95","0.93","approaching"
"KR-M007-KPI-ERR-05-202505","M007","KPI-ERR-05","2025-05-01","0.808","0.8","0.75","meeting"
"KR-M007-KPI-CSI-06-202505","M007","KPI-CSI-06","2025-05-01","0.767","0.75","0.7","meeting"
"KR-M007-KPI-VDQ-01-202506","M007","KPI-VDQ-01","2025-06-01","0.8571","0.85","0.75","meeting"
"KR-M007-KPI-SRC-02-202506","M007","KPI-SRC-02","2025-06-01","0.9359","0.9","0.85","meeting"
"KR-M007-KPI-PIT-03-202506","M007","KPI-PIT-03","2025-06-01","6.3","5","7","approaching"
"KR-M007-KPI-USC-04-202506","M007","KPI-USC-04","2025-06-01","0.947","0.95","0.93","approaching"
"KR-M007-KPI-ERR-05-202506","M007","KPI-ERR-05","2025-06-01","0.808","0.8","0.75","meeting"
"KR-M007-KPI-CSI-06-202506","M007","KPI-CSI-06","2025-06-01","0.767","0.75","0.7","meeting"
"KR-M007-KPI-VDQ-01-202507","M007","KPI-VDQ-01","2025-07-01","0.8571","0.85","0.75","meeting"
"KR-M007-KPI-SRC-02-202507","M007","KPI-SRC-02","2025-07-01","0.9367","0.9","0.85","meeting"
"KR-M007-KPI-PIT-03-202507","M007","KPI-PIT-03","2025-07-01","6.3","5","7","approaching"
"KR-M007-KPI-USC-04-202507","M007","KPI-USC-04","2025-07-01","0.947","0.95","0.93","approaching"
"KR-M007-KPI-ERR-05-202507","M007","KPI-ERR-05","2025-07-01","0.808","0.8","0.75","meeting"
"KR-M007-KPI-CSI-06-202507","M007","KPI-CSI-06","2025-07-01","0.767","0.75","0.7","meeting"
"KR-M007-KPI-VDQ-01-202508","M007","KPI-VDQ-01","2025-08-01","0.8571","0.85","0.75","meeting"
"KR-M007-KPI-SRC-02-202508","M007","KPI-SRC-02","2025-08-01","0.9375","0.9","0.85","meeting"
"KR-M007-KPI-PIT-03-202508","M007","KPI-PIT-03","2025-08-01","6.3","5","7","approaching"
"KR-M007-KPI-USC-04-202508","M007","KPI-USC-04","2025-08-01","0.947","0.95","0.93","approaching"
"KR-M007-KPI-ERR-05-202508","M007","KPI-ERR-05","2025-08-01","0.808","0.8","0.75","meeting"
"KR-M007-KPI-CSI-06-202508","M007","KPI-CSI-06","2025-08-01","0.767","0.75","0.7","meeting"
"KR-M007-KPI-VDQ-01-202509","M007","KPI-VDQ-01","2025-09-01","0.8571","0.85","0.75","meeting"
"KR-M007-KPI-SRC-02-202509","M007","KPI-SRC-02","2025-09-01","0.9383","0.9","0.85","meeting"
"KR-M007-KPI-PIT-03-202509","M007","KPI-PIT-03","2025-09-01","6.3","5","7","approaching"
"KR-M007-KPI-USC-04-202509","M007","KPI-USC-04","2025-09-01","0.947","0.95","0.93","approaching"
"KR-M007-KPI-ERR-05-202509","M007","KPI-ERR-05","2025-09-01","0.808","0.8","0.75","meeting"
"KR-M007-KPI-CSI-06-202509","M007","KPI-CSI-06","2025-09-01","0.767","0.75","0.7","meeting"
"KR-M007-KPI-VDQ-01-202510","M007","KPI-VDQ-01","2025-10-01","0.8571","0.85","0.75","meeting"
"KR-M007-KPI-SRC-02-202510","M007","KPI-SRC-02","2025-10-01","0.939","0.9","0.85","meeting"
"KR-M007-KPI-PIT-03-202510","M007","KPI-PIT-03","2025-10-01","6.3","5","7","approaching"
"KR-M007-KPI-USC-04-202510","M007","KPI-USC-04","2025-10-01","0.947","0.95","0.93","approaching"
"KR-M007-KPI-ERR-05-202510","M007","KPI-ERR-05","2025-10-01","0.808","0.8","0.75","meeting"
"KR-M007-KPI-CSI-06-202510","M007","KPI-CSI-06","2025-10-01","0.767","0.75","0.7","meeting"
"KR-M007-KPI-VDQ-01-202511","M007","KPI-VDQ-01","2025-11-01","0.8571","0.85","0.75","meeting"
"KR-M007-KPI-SRC-02-202511","M007","KPI-SRC-02","2025-11-01","0.9398","0.9","0.85","meeting"
"KR-M007-KPI-PIT-03-202511","M007","KPI-PIT-03","2025-11-01","6.3","5","7","approaching"
"KR-M007-KPI-USC-04-202511","M007","KPI-USC-04","2025-11-01","0.947","0.95","0.93","approaching"
"KR-M007-KPI-ERR-05-202511","M007","KPI-ERR-05","2025-11-01","0.808","0.8","0.75","meeting"
"KR-M007-KPI-CSI-06-202511","M007","KPI-CSI-06","2025-11-01","0.767","0.75","0.7","meeting"
"KR-M007-KPI-VDQ-01-202512","M007","KPI-VDQ-01","2025-12-01","0.8571","0.85","0.75","meeting"
"KR-M007-KPI-SRC-02-202512","M007","KPI-SRC-02","2025-12-01","0.9405","0.9","0.85","meeting"
"KR-M007-KPI-PIT-03-202512","M007","KPI-PIT-03","2025-12-01","6.3","5","7","approaching"
"KR-M007-KPI-USC-04-202512","M007","KPI-USC-04","2025-12-01","0.947","0.95","0.93","approaching"
"KR-M007-KPI-ERR-05-202512","M007","KPI-ERR-05","2025-12-01","0.808","0.8","0.75","meeting"
"KR-M007-KPI-CSI-06-202512","M007","KPI-CSI-06","2025-12-01","0.767","0.75","0.7","meeting"
"KR-M007-KPI-VDQ-01-202601","M007","KPI-VDQ-01","2026-01-01","0.8571","0.85","0.75","meeting"
"KR-M007-KPI-SRC-02-202601","M007","KPI-SRC-02","2026-01-01","0.9315","0.9","0.85","meeting"
"KR-M007-KPI-PIT-03-202601","M007","KPI-PIT-03","2026-01-01","6.3","5","7","approaching"
"KR-M007-KPI-USC-04-202601","M007","KPI-USC-04","2026-01-01","0.947","0.95","0.93","approaching"
"KR-M007-KPI-ERR-05-202601","M007","KPI-ERR-05","2026-01-01","0.808","0.8","0.75","meeting"
"KR-M007-KPI-CSI-06-202601","M007","KPI-CSI-06","2026-01-01","0.767","0.75","0.7","meeting"
"KR-M007-KPI-VDQ-01-202602","M007","KPI-VDQ-01","2026-02-01","0.8571","0.85","0.75","meeting"
"KR-M007-KPI-SRC-02-202602","M007","KPI-SRC-02","2026-02-01","0.9324","0.9","0.85","meeting"
"KR-M007-KPI-PIT-03-202602","M007","KPI-PIT-03","2026-02-01","6.3","5","7","approaching"
"KR-M007-KPI-USC-04-202602","M007","KPI-USC-04","2026-02-01","0.947","0.95","0.93","approaching"
"KR-M007-KPI-ERR-05-202602","M007","KPI-ERR-05","2026-02-01","0.808","0.8","0.75","meeting"
"KR-M007-KPI-CSI-06-202602","M007","KPI-CSI-06","2026-02-01","0.767","0.75","0.7","meeting"
"KR-M007-KPI-VDQ-01-202603","M007","KPI-VDQ-01","2026-03-01","0.6429","0.85","0.75","breach"
"KR-M007-KPI-SRC-02-202603","M007","KPI-SRC-02","2026-03-01","0.8","0.9","0.85","breach"
"KR-M007-KPI-PIT-03-202603","M007","KPI-PIT-03","2026-03-01","8.1","5","7","breach"
"KR-M007-KPI-USC-04-202603","M007","KPI-USC-04","2026-03-01","0.897","0.95","0.93","breach"
"KR-M007-KPI-ERR-05-202603","M007","KPI-ERR-05","2026-03-01","0.728","0.8","0.75","breach"
"KR-M007-KPI-CSI-06-202603","M007","KPI-CSI-06","2026-03-01","0.707","0.75","0.7","approaching"
"KR-M007-KPI-VDQ-01-202604","M007","KPI-VDQ-01","2026-04-01","0.6429","0.85","0.75","breach"
"KR-M007-KPI-SRC-02-202604","M007","KPI-SRC-02","2026-04-01","0.8026","0.9","0.85","breach"
"KR-M007-KPI-PIT-03-202604","M007","KPI-PIT-03","2026-04-01","8.1","5","7","breach"
"KR-M007-KPI-USC-04-202604","M007","KPI-USC-04","2026-04-01","0.897","0.95","0.93","breach"
"KR-M007-KPI-ERR-05-202604","M007","KPI-ERR-05","2026-04-01","0.728","0.8","0.75","breach"
"KR-M007-KPI-CSI-06-202604","M007","KPI-CSI-06","2026-04-01","0.707","0.75","0.7","approaching"
"KR-M007-KPI-VDQ-01-202605","M007","KPI-VDQ-01","2026-05-01","0.7857","0.85","0.75","approaching"
"KR-M007-KPI-SRC-02-202605","M007","KPI-SRC-02","2026-05-01","0.8831","0.9","0.85","approaching"
"KR-M007-KPI-PIT-03-202605","M007","KPI-PIT-03","2026-05-01","7.4","5","7","breach"
"KR-M007-KPI-USC-04-202605","M007","KPI-USC-04","2026-05-01","0.927","0.95","0.93","breach"
"KR-M007-KPI-ERR-05-202605","M007","KPI-ERR-05","2026-05-01","0.768","0.8","0.75","approaching"
"KR-M007-KPI-CSI-06-202605","M007","KPI-CSI-06","2026-05-01","0.737","0.75","0.7","approaching"
"KR-M007-KPI-VDQ-01-202606","M007","KPI-VDQ-01","2026-06-01","0.7857","0.85","0.75","approaching"
"KR-M007-KPI-SRC-02-202606","M007","KPI-SRC-02","2026-06-01","0.8846","0.9","0.85","approaching"
"KR-M007-KPI-PIT-03-202606","M007","KPI-PIT-03","2026-06-01","7.4","5","7","breach"
"KR-M007-KPI-USC-04-202606","M007","KPI-USC-04","2026-06-01","0.927","0.95","0.93","breach"
"KR-M007-KPI-ERR-05-202606","M007","KPI-ERR-05","2026-06-01","0.768","0.8","0.75","approaching"
"KR-M007-KPI-CSI-06-202606","M007","KPI-CSI-06","2026-06-01","0.737","0.75","0.7","approaching"
"KR-M008-KPI-VDQ-01-202501","M008","KPI-VDQ-01","2025-01-01","0.8667","0.85","0.75","meeting"
"KR-M008-KPI-SRC-02-202501","M008","KPI-SRC-02","2025-01-01","0.9315","0.9","0.85","meeting"
"KR-M008-KPI-PIT-03-202501","M008","KPI-PIT-03","2025-01-01","5.4","5","7","approaching"
"KR-M008-KPI-USC-04-202501","M008","KPI-USC-04","2025-01-01","0.944","0.95","0.93","approaching"
"KR-M008-KPI-ERR-05-202501","M008","KPI-ERR-05","2025-01-01","0.82","0.8","0.75","meeting"
"KR-M008-KPI-CSI-06-202501","M008","KPI-CSI-06","2025-01-01","0.764","0.75","0.7","meeting"
"KR-M008-KPI-VDQ-01-202502","M008","KPI-VDQ-01","2025-02-01","0.8667","0.85","0.75","meeting"
"KR-M008-KPI-SRC-02-202502","M008","KPI-SRC-02","2025-02-01","0.9324","0.9","0.85","meeting"
"KR-M008-KPI-PIT-03-202502","M008","KPI-PIT-03","2025-02-01","5.4","5","7","approaching"
"KR-M008-KPI-USC-04-202502","M008","KPI-USC-04","2025-02-01","0.944","0.95","0.93","approaching"
"KR-M008-KPI-ERR-05-202502","M008","KPI-ERR-05","2025-02-01","0.82","0.8","0.75","meeting"
"KR-M008-KPI-CSI-06-202502","M008","KPI-CSI-06","2025-02-01","0.764","0.75","0.7","meeting"
"KR-M008-KPI-VDQ-01-202503","M008","KPI-VDQ-01","2025-03-01","0.8667","0.85","0.75","meeting"
"KR-M008-KPI-SRC-02-202503","M008","KPI-SRC-02","2025-03-01","0.9333","0.9","0.85","meeting"
"KR-M008-KPI-PIT-03-202503","M008","KPI-PIT-03","2025-03-01","5.4","5","7","approaching"
"KR-M008-KPI-USC-04-202503","M008","KPI-USC-04","2025-03-01","0.944","0.95","0.93","approaching"
"KR-M008-KPI-ERR-05-202503","M008","KPI-ERR-05","2025-03-01","0.82","0.8","0.75","meeting"
"KR-M008-KPI-CSI-06-202503","M008","KPI-CSI-06","2025-03-01","0.764","0.75","0.7","meeting"
"KR-M008-KPI-VDQ-01-202504","M008","KPI-VDQ-01","2025-04-01","0.8667","0.85","0.75","meeting"
"KR-M008-KPI-SRC-02-202504","M008","KPI-SRC-02","2025-04-01","0.9342","0.9","0.85","meeting"
"KR-M008-KPI-PIT-03-202504","M008","KPI-PIT-03","2025-04-01","5.4","5","7","approaching"
"KR-M008-KPI-USC-04-202504","M008","KPI-USC-04","2025-04-01","0.944","0.95","0.93","approaching"
"KR-M008-KPI-ERR-05-202504","M008","KPI-ERR-05","2025-04-01","0.82","0.8","0.75","meeting"
"KR-M008-KPI-CSI-06-202504","M008","KPI-CSI-06","2025-04-01","0.764","0.75","0.7","meeting"
"KR-M008-KPI-VDQ-01-202505","M008","KPI-VDQ-01","2025-05-01","0.8667","0.85","0.75","meeting"
"KR-M008-KPI-SRC-02-202505","M008","KPI-SRC-02","2025-05-01","0.9351","0.9","0.85","meeting"
"KR-M008-KPI-PIT-03-202505","M008","KPI-PIT-03","2025-05-01","5.4","5","7","approaching"
"KR-M008-KPI-USC-04-202505","M008","KPI-USC-04","2025-05-01","0.944","0.95","0.93","approaching"
"KR-M008-KPI-ERR-05-202505","M008","KPI-ERR-05","2025-05-01","0.82","0.8","0.75","meeting"
"KR-M008-KPI-CSI-06-202505","M008","KPI-CSI-06","2025-05-01","0.764","0.75","0.7","meeting"
"KR-M008-KPI-VDQ-01-202506","M008","KPI-VDQ-01","2025-06-01","0.8667","0.85","0.75","meeting"
"KR-M008-KPI-SRC-02-202506","M008","KPI-SRC-02","2025-06-01","0.9359","0.9","0.85","meeting"
"KR-M008-KPI-PIT-03-202506","M008","KPI-PIT-03","2025-06-01","5.4","5","7","approaching"
"KR-M008-KPI-USC-04-202506","M008","KPI-USC-04","2025-06-01","0.944","0.95","0.93","approaching"
"KR-M008-KPI-ERR-05-202506","M008","KPI-ERR-05","2025-06-01","0.82","0.8","0.75","meeting"
"KR-M008-KPI-CSI-06-202506","M008","KPI-CSI-06","2025-06-01","0.764","0.75","0.7","meeting"
"KR-M008-KPI-VDQ-01-202507","M008","KPI-VDQ-01","2025-07-01","0.8667","0.85","0.75","meeting"
"KR-M008-KPI-SRC-02-202507","M008","KPI-SRC-02","2025-07-01","0.9367","0.9","0.85","meeting"
"KR-M008-KPI-PIT-03-202507","M008","KPI-PIT-03","2025-07-01","5.4","5","7","approaching"
"KR-M008-KPI-USC-04-202507","M008","KPI-USC-04","2025-07-01","0.944","0.95","0.93","approaching"
"KR-M008-KPI-ERR-05-202507","M008","KPI-ERR-05","2025-07-01","0.82","0.8","0.75","meeting"
"KR-M008-KPI-CSI-06-202507","M008","KPI-CSI-06","2025-07-01","0.764","0.75","0.7","meeting"
"KR-M008-KPI-VDQ-01-202508","M008","KPI-VDQ-01","2025-08-01","0.8667","0.85","0.75","meeting"
"KR-M008-KPI-SRC-02-202508","M008","KPI-SRC-02","2025-08-01","0.9375","0.9","0.85","meeting"
"KR-M008-KPI-PIT-03-202508","M008","KPI-PIT-03","2025-08-01","5.4","5","7","approaching"
"KR-M008-KPI-USC-04-202508","M008","KPI-USC-04","2025-08-01","0.944","0.95","0.93","approaching"
"KR-M008-KPI-ERR-05-202508","M008","KPI-ERR-05","2025-08-01","0.82","0.8","0.75","meeting"
"KR-M008-KPI-CSI-06-202508","M008","KPI-CSI-06","2025-08-01","0.764","0.75","0.7","meeting"
"KR-M008-KPI-VDQ-01-202509","M008","KPI-VDQ-01","2025-09-01","0.8667","0.85","0.75","meeting"
"KR-M008-KPI-SRC-02-202509","M008","KPI-SRC-02","2025-09-01","0.9383","0.9","0.85","meeting"
"KR-M008-KPI-PIT-03-202509","M008","KPI-PIT-03","2025-09-01","5.4","5","7","approaching"
"KR-M008-KPI-USC-04-202509","M008","KPI-USC-04","2025-09-01","0.944","0.95","0.93","approaching"
"KR-M008-KPI-ERR-05-202509","M008","KPI-ERR-05","2025-09-01","0.82","0.8","0.75","meeting"
"KR-M008-KPI-CSI-06-202509","M008","KPI-CSI-06","2025-09-01","0.764","0.75","0.7","meeting"
"KR-M008-KPI-VDQ-01-202510","M008","KPI-VDQ-01","2025-10-01","0.8667","0.85","0.75","meeting"
"KR-M008-KPI-SRC-02-202510","M008","KPI-SRC-02","2025-10-01","0.939","0.9","0.85","meeting"
"KR-M008-KPI-PIT-03-202510","M008","KPI-PIT-03","2025-10-01","5.4","5","7","approaching"
"KR-M008-KPI-USC-04-202510","M008","KPI-USC-04","2025-10-01","0.944","0.95","0.93","approaching"
"KR-M008-KPI-ERR-05-202510","M008","KPI-ERR-05","2025-10-01","0.82","0.8","0.75","meeting"
"KR-M008-KPI-CSI-06-202510","M008","KPI-CSI-06","2025-10-01","0.764","0.75","0.7","meeting"
"KR-M008-KPI-VDQ-01-202511","M008","KPI-VDQ-01","2025-11-01","0.8667","0.85","0.75","meeting"
"KR-M008-KPI-SRC-02-202511","M008","KPI-SRC-02","2025-11-01","0.9398","0.9","0.85","meeting"
"KR-M008-KPI-PIT-03-202511","M008","KPI-PIT-03","2025-11-01","5.4","5","7","approaching"
"KR-M008-KPI-USC-04-202511","M008","KPI-USC-04","2025-11-01","0.944","0.95","0.93","approaching"
"KR-M008-KPI-ERR-05-202511","M008","KPI-ERR-05","2025-11-01","0.82","0.8","0.75","meeting"
"KR-M008-KPI-CSI-06-202511","M008","KPI-CSI-06","2025-11-01","0.764","0.75","0.7","meeting"
"KR-M008-KPI-VDQ-01-202512","M008","KPI-VDQ-01","2025-12-01","0.8667","0.85","0.75","meeting"
"KR-M008-KPI-SRC-02-202512","M008","KPI-SRC-02","2025-12-01","0.9405","0.9","0.85","meeting"
"KR-M008-KPI-PIT-03-202512","M008","KPI-PIT-03","2025-12-01","5.4","5","7","approaching"
"KR-M008-KPI-USC-04-202512","M008","KPI-USC-04","2025-12-01","0.944","0.95","0.93","approaching"
"KR-M008-KPI-ERR-05-202512","M008","KPI-ERR-05","2025-12-01","0.82","0.8","0.75","meeting"
"KR-M008-KPI-CSI-06-202512","M008","KPI-CSI-06","2025-12-01","0.764","0.75","0.7","meeting"
"KR-M008-KPI-VDQ-01-202601","M008","KPI-VDQ-01","2026-01-01","0.8667","0.85","0.75","meeting"
"KR-M008-KPI-SRC-02-202601","M008","KPI-SRC-02","2026-01-01","0.9315","0.9","0.85","meeting"
"KR-M008-KPI-PIT-03-202601","M008","KPI-PIT-03","2026-01-01","5.4","5","7","approaching"
"KR-M008-KPI-USC-04-202601","M008","KPI-USC-04","2026-01-01","0.944","0.95","0.93","approaching"
"KR-M008-KPI-ERR-05-202601","M008","KPI-ERR-05","2026-01-01","0.82","0.8","0.75","meeting"
"KR-M008-KPI-CSI-06-202601","M008","KPI-CSI-06","2026-01-01","0.764","0.75","0.7","meeting"
"KR-M008-KPI-VDQ-01-202602","M008","KPI-VDQ-01","2026-02-01","0.8667","0.85","0.75","meeting"
"KR-M008-KPI-SRC-02-202602","M008","KPI-SRC-02","2026-02-01","0.9324","0.9","0.85","meeting"
"KR-M008-KPI-PIT-03-202602","M008","KPI-PIT-03","2026-02-01","5.4","5","7","approaching"
"KR-M008-KPI-USC-04-202602","M008","KPI-USC-04","2026-02-01","0.944","0.95","0.93","approaching"
"KR-M008-KPI-ERR-05-202602","M008","KPI-ERR-05","2026-02-01","0.82","0.8","0.75","meeting"
"KR-M008-KPI-CSI-06-202602","M008","KPI-CSI-06","2026-02-01","0.764","0.75","0.7","meeting"
"KR-M008-KPI-VDQ-01-202603","M008","KPI-VDQ-01","2026-03-01","0.8667","0.85","0.75","meeting"
"KR-M008-KPI-SRC-02-202603","M008","KPI-SRC-02","2026-03-01","0.9333","0.9","0.85","meeting"
"KR-M008-KPI-PIT-03-202603","M008","KPI-PIT-03","2026-03-01","5.4","5","7","approaching"
"KR-M008-KPI-USC-04-202603","M008","KPI-USC-04","2026-03-01","0.944","0.95","0.93","approaching"
"KR-M008-KPI-ERR-05-202603","M008","KPI-ERR-05","2026-03-01","0.82","0.8","0.75","meeting"
"KR-M008-KPI-CSI-06-202603","M008","KPI-CSI-06","2026-03-01","0.764","0.75","0.7","meeting"
"KR-M008-KPI-VDQ-01-202604","M008","KPI-VDQ-01","2026-04-01","0.8667","0.85","0.75","meeting"
"KR-M008-KPI-SRC-02-202604","M008","KPI-SRC-02","2026-04-01","0.9342","0.9","0.85","meeting"
"KR-M008-KPI-PIT-03-202604","M008","KPI-PIT-03","2026-04-01","5.4","5","7","approaching"
"KR-M008-KPI-USC-04-202604","M008","KPI-USC-04","2026-04-01","0.944","0.95","0.93","approaching"
"KR-M008-KPI-ERR-05-202604","M008","KPI-ERR-05","2026-04-01","0.82","0.8","0.75","meeting"
"KR-M008-KPI-CSI-06-202604","M008","KPI-CSI-06","2026-04-01","0.764","0.75","0.7","meeting"
"KR-M008-KPI-VDQ-01-202605","M008","KPI-VDQ-01","2026-05-01","0.8667","0.85","0.75","meeting"
"KR-M008-KPI-SRC-02-202605","M008","KPI-SRC-02","2026-05-01","0.9351","0.9","0.85","meeting"
"KR-M008-KPI-PIT-03-202605","M008","KPI-PIT-03","2026-05-01","5.4","5","7","approaching"
"KR-M008-KPI-USC-04-202605","M008","KPI-USC-04","2026-05-01","0.944","0.95","0.93","approaching"
"KR-M008-KPI-ERR-05-202605","M008","KPI-ERR-05","2026-05-01","0.82","0.8","0.75","meeting"
"KR-M008-KPI-CSI-06-202605","M008","KPI-CSI-06","2026-05-01","0.764","0.75","0.7","meeting"
"KR-M008-KPI-VDQ-01-202606","M008","KPI-VDQ-01","2026-06-01","0.8667","0.85","0.75","meeting"
"KR-M008-KPI-SRC-02-202606","M008","KPI-SRC-02","2026-06-01","0.9359","0.9","0.85","meeting"
"KR-M008-KPI-PIT-03-202606","M008","KPI-PIT-03","2026-06-01","5.4","5","7","approaching"
"KR-M008-KPI-USC-04-202606","M008","KPI-USC-04","2026-06-01","0.944","0.95","0.93","approaching"
"KR-M008-KPI-ERR-05-202606","M008","KPI-ERR-05","2026-06-01","0.82","0.8","0.75","meeting"
"KR-M008-KPI-CSI-06-202606","M008","KPI-CSI-06","2026-06-01","0.764","0.75","0.7","meeting"
"KR-M009-KPI-VDQ-01-202501","M009","KPI-VDQ-01","2025-01-01","0.875","0.85","0.75","meeting"
"KR-M009-KPI-SRC-02-202501","M009","KPI-SRC-02","2025-01-01","0.9342","0.9","0.85","meeting"
"KR-M009-KPI-PIT-03-202501","M009","KPI-PIT-03","2025-01-01","5.7","5","7","approaching"
"KR-M009-KPI-USC-04-202501","M009","KPI-USC-04","2025-01-01","0.95","0.95","0.93","meeting"
"KR-M009-KPI-ERR-05-202501","M009","KPI-ERR-05","2025-01-01","0.816","0.8","0.75","meeting"
"KR-M009-KPI-CSI-06-202501","M009","KPI-CSI-06","2025-01-01","0.761","0.75","0.7","meeting"
"KR-M009-KPI-VDQ-01-202502","M009","KPI-VDQ-01","2025-02-01","0.875","0.85","0.75","meeting"
"KR-M009-KPI-SRC-02-202502","M009","KPI-SRC-02","2025-02-01","0.9351","0.9","0.85","meeting"
"KR-M009-KPI-PIT-03-202502","M009","KPI-PIT-03","2025-02-01","5.7","5","7","approaching"
"KR-M009-KPI-USC-04-202502","M009","KPI-USC-04","2025-02-01","0.95","0.95","0.93","meeting"
"KR-M009-KPI-ERR-05-202502","M009","KPI-ERR-05","2025-02-01","0.816","0.8","0.75","meeting"
"KR-M009-KPI-CSI-06-202502","M009","KPI-CSI-06","2025-02-01","0.761","0.75","0.7","meeting"
"KR-M009-KPI-VDQ-01-202503","M009","KPI-VDQ-01","2025-03-01","0.875","0.85","0.75","meeting"
"KR-M009-KPI-SRC-02-202503","M009","KPI-SRC-02","2025-03-01","0.9359","0.9","0.85","meeting"
"KR-M009-KPI-PIT-03-202503","M009","KPI-PIT-03","2025-03-01","5.7","5","7","approaching"
"KR-M009-KPI-USC-04-202503","M009","KPI-USC-04","2025-03-01","0.95","0.95","0.93","meeting"
"KR-M009-KPI-ERR-05-202503","M009","KPI-ERR-05","2025-03-01","0.816","0.8","0.75","meeting"
"KR-M009-KPI-CSI-06-202503","M009","KPI-CSI-06","2025-03-01","0.761","0.75","0.7","meeting"
"KR-M009-KPI-VDQ-01-202504","M009","KPI-VDQ-01","2025-04-01","0.875","0.85","0.75","meeting"
"KR-M009-KPI-SRC-02-202504","M009","KPI-SRC-02","2025-04-01","0.9367","0.9","0.85","meeting"
"KR-M009-KPI-PIT-03-202504","M009","KPI-PIT-03","2025-04-01","5.7","5","7","approaching"
"KR-M009-KPI-USC-04-202504","M009","KPI-USC-04","2025-04-01","0.95","0.95","0.93","meeting"
"KR-M009-KPI-ERR-05-202504","M009","KPI-ERR-05","2025-04-01","0.816","0.8","0.75","meeting"
"KR-M009-KPI-CSI-06-202504","M009","KPI-CSI-06","2025-04-01","0.761","0.75","0.7","meeting"
"KR-M009-KPI-VDQ-01-202505","M009","KPI-VDQ-01","2025-05-01","0.875","0.85","0.75","meeting"
"KR-M009-KPI-SRC-02-202505","M009","KPI-SRC-02","2025-05-01","0.9375","0.9","0.85","meeting"
"KR-M009-KPI-PIT-03-202505","M009","KPI-PIT-03","2025-05-01","5.7","5","7","approaching"
"KR-M009-KPI-USC-04-202505","M009","KPI-USC-04","2025-05-01","0.95","0.95","0.93","meeting"
"KR-M009-KPI-ERR-05-202505","M009","KPI-ERR-05","2025-05-01","0.816","0.8","0.75","meeting"
"KR-M009-KPI-CSI-06-202505","M009","KPI-CSI-06","2025-05-01","0.761","0.75","0.7","meeting"
"KR-M009-KPI-VDQ-01-202506","M009","KPI-VDQ-01","2025-06-01","0.875","0.85","0.75","meeting"
"KR-M009-KPI-SRC-02-202506","M009","KPI-SRC-02","2025-06-01","0.9383","0.9","0.85","meeting"
"KR-M009-KPI-PIT-03-202506","M009","KPI-PIT-03","2025-06-01","5.7","5","7","approaching"
"KR-M009-KPI-USC-04-202506","M009","KPI-USC-04","2025-06-01","0.95","0.95","0.93","meeting"
"KR-M009-KPI-ERR-05-202506","M009","KPI-ERR-05","2025-06-01","0.816","0.8","0.75","meeting"
"KR-M009-KPI-CSI-06-202506","M009","KPI-CSI-06","2025-06-01","0.761","0.75","0.7","meeting"
"KR-M009-KPI-VDQ-01-202507","M009","KPI-VDQ-01","2025-07-01","0.875","0.85","0.75","meeting"
"KR-M009-KPI-SRC-02-202507","M009","KPI-SRC-02","2025-07-01","0.939","0.9","0.85","meeting"
"KR-M009-KPI-PIT-03-202507","M009","KPI-PIT-03","2025-07-01","5.7","5","7","approaching"
"KR-M009-KPI-USC-04-202507","M009","KPI-USC-04","2025-07-01","0.95","0.95","0.93","meeting"
"KR-M009-KPI-ERR-05-202507","M009","KPI-ERR-05","2025-07-01","0.816","0.8","0.75","meeting"
"KR-M009-KPI-CSI-06-202507","M009","KPI-CSI-06","2025-07-01","0.761","0.75","0.7","meeting"
"KR-M009-KPI-VDQ-01-202508","M009","KPI-VDQ-01","2025-08-01","0.875","0.85","0.75","meeting"
"KR-M009-KPI-SRC-02-202508","M009","KPI-SRC-02","2025-08-01","0.9398","0.9","0.85","meeting"
"KR-M009-KPI-PIT-03-202508","M009","KPI-PIT-03","2025-08-01","5.7","5","7","approaching"
"KR-M009-KPI-USC-04-202508","M009","KPI-USC-04","2025-08-01","0.95","0.95","0.93","meeting"
"KR-M009-KPI-ERR-05-202508","M009","KPI-ERR-05","2025-08-01","0.816","0.8","0.75","meeting"
"KR-M009-KPI-CSI-06-202508","M009","KPI-CSI-06","2025-08-01","0.761","0.75","0.7","meeting"
"KR-M009-KPI-VDQ-01-202509","M009","KPI-VDQ-01","2025-09-01","0.875","0.85","0.75","meeting"
"KR-M009-KPI-SRC-02-202509","M009","KPI-SRC-02","2025-09-01","0.9405","0.9","0.85","meeting"
"KR-M009-KPI-PIT-03-202509","M009","KPI-PIT-03","2025-09-01","5.7","5","7","approaching"
"KR-M009-KPI-USC-04-202509","M009","KPI-USC-04","2025-09-01","0.95","0.95","0.93","meeting"
"KR-M009-KPI-ERR-05-202509","M009","KPI-ERR-05","2025-09-01","0.816","0.8","0.75","meeting"
"KR-M009-KPI-CSI-06-202509","M009","KPI-CSI-06","2025-09-01","0.761","0.75","0.7","meeting"
"KR-M009-KPI-VDQ-01-202510","M009","KPI-VDQ-01","2025-10-01","0.875","0.85","0.75","meeting"
"KR-M009-KPI-SRC-02-202510","M009","KPI-SRC-02","2025-10-01","0.9412","0.9","0.85","meeting"
"KR-M009-KPI-PIT-03-202510","M009","KPI-PIT-03","2025-10-01","5.7","5","7","approaching"
"KR-M009-KPI-USC-04-202510","M009","KPI-USC-04","2025-10-01","0.95","0.95","0.93","meeting"
"KR-M009-KPI-ERR-05-202510","M009","KPI-ERR-05","2025-10-01","0.816","0.8","0.75","meeting"
"KR-M009-KPI-CSI-06-202510","M009","KPI-CSI-06","2025-10-01","0.761","0.75","0.7","meeting"
"KR-M009-KPI-VDQ-01-202511","M009","KPI-VDQ-01","2025-11-01","0.875","0.85","0.75","meeting"
"KR-M009-KPI-SRC-02-202511","M009","KPI-SRC-02","2025-11-01","0.9419","0.9","0.85","meeting"
"KR-M009-KPI-PIT-03-202511","M009","KPI-PIT-03","2025-11-01","5.7","5","7","approaching"
"KR-M009-KPI-USC-04-202511","M009","KPI-USC-04","2025-11-01","0.95","0.95","0.93","meeting"
"KR-M009-KPI-ERR-05-202511","M009","KPI-ERR-05","2025-11-01","0.816","0.8","0.75","meeting"
"KR-M009-KPI-CSI-06-202511","M009","KPI-CSI-06","2025-11-01","0.761","0.75","0.7","meeting"
"KR-M009-KPI-VDQ-01-202512","M009","KPI-VDQ-01","2025-12-01","0.875","0.85","0.75","meeting"
"KR-M009-KPI-SRC-02-202512","M009","KPI-SRC-02","2025-12-01","0.9425","0.9","0.85","meeting"
"KR-M009-KPI-PIT-03-202512","M009","KPI-PIT-03","2025-12-01","5.7","5","7","approaching"
"KR-M009-KPI-USC-04-202512","M009","KPI-USC-04","2025-12-01","0.95","0.95","0.93","meeting"
"KR-M009-KPI-ERR-05-202512","M009","KPI-ERR-05","2025-12-01","0.816","0.8","0.75","meeting"
"KR-M009-KPI-CSI-06-202512","M009","KPI-CSI-06","2025-12-01","0.761","0.75","0.7","meeting"
"KR-M009-KPI-VDQ-01-202601","M009","KPI-VDQ-01","2026-01-01","0.875","0.85","0.75","meeting"
"KR-M009-KPI-SRC-02-202601","M009","KPI-SRC-02","2026-01-01","0.9342","0.9","0.85","meeting"
"KR-M009-KPI-PIT-03-202601","M009","KPI-PIT-03","2026-01-01","5.7","5","7","approaching"
"KR-M009-KPI-USC-04-202601","M009","KPI-USC-04","2026-01-01","0.95","0.95","0.93","meeting"
"KR-M009-KPI-ERR-05-202601","M009","KPI-ERR-05","2026-01-01","0.816","0.8","0.75","meeting"
"KR-M009-KPI-CSI-06-202601","M009","KPI-CSI-06","2026-01-01","0.761","0.75","0.7","meeting"
"KR-M009-KPI-VDQ-01-202602","M009","KPI-VDQ-01","2026-02-01","0.875","0.85","0.75","meeting"
"KR-M009-KPI-SRC-02-202602","M009","KPI-SRC-02","2026-02-01","0.9351","0.9","0.85","meeting"
"KR-M009-KPI-PIT-03-202602","M009","KPI-PIT-03","2026-02-01","5.7","5","7","approaching"
"KR-M009-KPI-USC-04-202602","M009","KPI-USC-04","2026-02-01","0.95","0.95","0.93","meeting"
"KR-M009-KPI-ERR-05-202602","M009","KPI-ERR-05","2026-02-01","0.816","0.8","0.75","meeting"
"KR-M009-KPI-CSI-06-202602","M009","KPI-CSI-06","2026-02-01","0.761","0.75","0.7","meeting"
"KR-M009-KPI-VDQ-01-202603","M009","KPI-VDQ-01","2026-03-01","0.875","0.85","0.75","meeting"
"KR-M009-KPI-SRC-02-202603","M009","KPI-SRC-02","2026-03-01","0.9359","0.9","0.85","meeting"
"KR-M009-KPI-PIT-03-202603","M009","KPI-PIT-03","2026-03-01","5.7","5","7","approaching"
"KR-M009-KPI-USC-04-202603","M009","KPI-USC-04","2026-03-01","0.95","0.95","0.93","meeting"
"KR-M009-KPI-ERR-05-202603","M009","KPI-ERR-05","2026-03-01","0.816","0.8","0.75","meeting"
"KR-M009-KPI-CSI-06-202603","M009","KPI-CSI-06","2026-03-01","0.761","0.75","0.7","meeting"
"KR-M009-KPI-VDQ-01-202604","M009","KPI-VDQ-01","2026-04-01","0.875","0.85","0.75","meeting"
"KR-M009-KPI-SRC-02-202604","M009","KPI-SRC-02","2026-04-01","0.9367","0.9","0.85","meeting"
"KR-M009-KPI-PIT-03-202604","M009","KPI-PIT-03","2026-04-01","5.7","5","7","approaching"
"KR-M009-KPI-USC-04-202604","M009","KPI-USC-04","2026-04-01","0.95","0.95","0.93","meeting"
"KR-M009-KPI-ERR-05-202604","M009","KPI-ERR-05","2026-04-01","0.816","0.8","0.75","meeting"
"KR-M009-KPI-CSI-06-202604","M009","KPI-CSI-06","2026-04-01","0.761","0.75","0.7","meeting"
"KR-M009-KPI-VDQ-01-202605","M009","KPI-VDQ-01","2026-05-01","0.875","0.85","0.75","meeting"
"KR-M009-KPI-SRC-02-202605","M009","KPI-SRC-02","2026-05-01","0.9375","0.9","0.85","meeting"
"KR-M009-KPI-PIT-03-202605","M009","KPI-PIT-03","2026-05-01","5.7","5","7","approaching"
"KR-M009-KPI-USC-04-202605","M009","KPI-USC-04","2026-05-01","0.95","0.95","0.93","meeting"
"KR-M009-KPI-ERR-05-202605","M009","KPI-ERR-05","2026-05-01","0.816","0.8","0.75","meeting"
"KR-M009-KPI-CSI-06-202605","M009","KPI-CSI-06","2026-05-01","0.761","0.75","0.7","meeting"
"KR-M009-KPI-VDQ-01-202606","M009","KPI-VDQ-01","2026-06-01","0.875","0.85","0.75","meeting"
"KR-M009-KPI-SRC-02-202606","M009","KPI-SRC-02","2026-06-01","0.9383","0.9","0.85","meeting"
"KR-M009-KPI-PIT-03-202606","M009","KPI-PIT-03","2026-06-01","5.7","5","7","approaching"
"KR-M009-KPI-USC-04-202606","M009","KPI-USC-04","2026-06-01","0.95","0.95","0.93","meeting"
"KR-M009-KPI-ERR-05-202606","M009","KPI-ERR-05","2026-06-01","0.816","0.8","0.75","meeting"
"KR-M009-KPI-CSI-06-202606","M009","KPI-CSI-06","2026-06-01","0.761","0.75","0.7","meeting"
"KR-M010-KPI-VDQ-01-202501","M010","KPI-VDQ-01","2025-01-01","0.8333","0.85","0.75","approaching"
"KR-M010-KPI-SRC-02-202501","M010","KPI-SRC-02","2025-01-01","0.9342","0.9","0.85","meeting"
"KR-M010-KPI-PIT-03-202501","M010","KPI-PIT-03","2025-01-01","6","5","7","approaching"
"KR-M010-KPI-USC-04-202501","M010","KPI-USC-04","2025-01-01","0.947","0.95","0.93","approaching"
"KR-M010-KPI-ERR-05-202501","M010","KPI-ERR-05","2025-01-01","0.812","0.8","0.75","meeting"
"KR-M010-KPI-CSI-06-202501","M010","KPI-CSI-06","2025-01-01","0.758","0.75","0.7","meeting"
"KR-M010-KPI-VDQ-01-202502","M010","KPI-VDQ-01","2025-02-01","0.8333","0.85","0.75","approaching"
"KR-M010-KPI-SRC-02-202502","M010","KPI-SRC-02","2025-02-01","0.9351","0.9","0.85","meeting"
"KR-M010-KPI-PIT-03-202502","M010","KPI-PIT-03","2025-02-01","6","5","7","approaching"
"KR-M010-KPI-USC-04-202502","M010","KPI-USC-04","2025-02-01","0.947","0.95","0.93","approaching"
"KR-M010-KPI-ERR-05-202502","M010","KPI-ERR-05","2025-02-01","0.812","0.8","0.75","meeting"
"KR-M010-KPI-CSI-06-202502","M010","KPI-CSI-06","2025-02-01","0.758","0.75","0.7","meeting"
"KR-M010-KPI-VDQ-01-202503","M010","KPI-VDQ-01","2025-03-01","0.8333","0.85","0.75","approaching"
"KR-M010-KPI-SRC-02-202503","M010","KPI-SRC-02","2025-03-01","0.9359","0.9","0.85","meeting"
"KR-M010-KPI-PIT-03-202503","M010","KPI-PIT-03","2025-03-01","6","5","7","approaching"
"KR-M010-KPI-USC-04-202503","M010","KPI-USC-04","2025-03-01","0.947","0.95","0.93","approaching"
"KR-M010-KPI-ERR-05-202503","M010","KPI-ERR-05","2025-03-01","0.812","0.8","0.75","meeting"
"KR-M010-KPI-CSI-06-202503","M010","KPI-CSI-06","2025-03-01","0.758","0.75","0.7","meeting"
"KR-M010-KPI-VDQ-01-202504","M010","KPI-VDQ-01","2025-04-01","0.8333","0.85","0.75","approaching"
"KR-M010-KPI-SRC-02-202504","M010","KPI-SRC-02","2025-04-01","0.9367","0.9","0.85","meeting"
"KR-M010-KPI-PIT-03-202504","M010","KPI-PIT-03","2025-04-01","6","5","7","approaching"
"KR-M010-KPI-USC-04-202504","M010","KPI-USC-04","2025-04-01","0.947","0.95","0.93","approaching"
"KR-M010-KPI-ERR-05-202504","M010","KPI-ERR-05","2025-04-01","0.812","0.8","0.75","meeting"
"KR-M010-KPI-CSI-06-202504","M010","KPI-CSI-06","2025-04-01","0.758","0.75","0.7","meeting"
"KR-M010-KPI-VDQ-01-202505","M010","KPI-VDQ-01","2025-05-01","0.8333","0.85","0.75","approaching"
"KR-M010-KPI-SRC-02-202505","M010","KPI-SRC-02","2025-05-01","0.9375","0.9","0.85","meeting"
"KR-M010-KPI-PIT-03-202505","M010","KPI-PIT-03","2025-05-01","6","5","7","approaching"
"KR-M010-KPI-USC-04-202505","M010","KPI-USC-04","2025-05-01","0.947","0.95","0.93","approaching"
"KR-M010-KPI-ERR-05-202505","M010","KPI-ERR-05","2025-05-01","0.812","0.8","0.75","meeting"
"KR-M010-KPI-CSI-06-202505","M010","KPI-CSI-06","2025-05-01","0.758","0.75","0.7","meeting"
"KR-M010-KPI-VDQ-01-202506","M010","KPI-VDQ-01","2025-06-01","0.8333","0.85","0.75","approaching"
"KR-M010-KPI-SRC-02-202506","M010","KPI-SRC-02","2025-06-01","0.9383","0.9","0.85","meeting"
"KR-M010-KPI-PIT-03-202506","M010","KPI-PIT-03","2025-06-01","6","5","7","approaching"
"KR-M010-KPI-USC-04-202506","M010","KPI-USC-04","2025-06-01","0.947","0.95","0.93","approaching"
"KR-M010-KPI-ERR-05-202506","M010","KPI-ERR-05","2025-06-01","0.812","0.8","0.75","meeting"
"KR-M010-KPI-CSI-06-202506","M010","KPI-CSI-06","2025-06-01","0.758","0.75","0.7","meeting"
"KR-M010-KPI-VDQ-01-202507","M010","KPI-VDQ-01","2025-07-01","0.8333","0.85","0.75","approaching"
"KR-M010-KPI-SRC-02-202507","M010","KPI-SRC-02","2025-07-01","0.939","0.9","0.85","meeting"
"KR-M010-KPI-PIT-03-202507","M010","KPI-PIT-03","2025-07-01","6","5","7","approaching"
"KR-M010-KPI-USC-04-202507","M010","KPI-USC-04","2025-07-01","0.947","0.95","0.93","approaching"
"KR-M010-KPI-ERR-05-202507","M010","KPI-ERR-05","2025-07-01","0.812","0.8","0.75","meeting"
"KR-M010-KPI-CSI-06-202507","M010","KPI-CSI-06","2025-07-01","0.758","0.75","0.7","meeting"
"KR-M010-KPI-VDQ-01-202508","M010","KPI-VDQ-01","2025-08-01","0.8333","0.85","0.75","approaching"
"KR-M010-KPI-SRC-02-202508","M010","KPI-SRC-02","2025-08-01","0.9398","0.9","0.85","meeting"
"KR-M010-KPI-PIT-03-202508","M010","KPI-PIT-03","2025-08-01","6","5","7","approaching"
"KR-M010-KPI-USC-04-202508","M010","KPI-USC-04","2025-08-01","0.947","0.95","0.93","approaching"
"KR-M010-KPI-ERR-05-202508","M010","KPI-ERR-05","2025-08-01","0.812","0.8","0.75","meeting"
"KR-M010-KPI-CSI-06-202508","M010","KPI-CSI-06","2025-08-01","0.758","0.75","0.7","meeting"
"KR-M010-KPI-VDQ-01-202509","M010","KPI-VDQ-01","2025-09-01","0.8333","0.85","0.75","approaching"
"KR-M010-KPI-SRC-02-202509","M010","KPI-SRC-02","2025-09-01","0.9405","0.9","0.85","meeting"
"KR-M010-KPI-PIT-03-202509","M010","KPI-PIT-03","2025-09-01","6","5","7","approaching"
"KR-M010-KPI-USC-04-202509","M010","KPI-USC-04","2025-09-01","0.947","0.95","0.93","approaching"
"KR-M010-KPI-ERR-05-202509","M010","KPI-ERR-05","2025-09-01","0.812","0.8","0.75","meeting"
"KR-M010-KPI-CSI-06-202509","M010","KPI-CSI-06","2025-09-01","0.758","0.75","0.7","meeting"
"KR-M010-KPI-VDQ-01-202510","M010","KPI-VDQ-01","2025-10-01","0.8333","0.85","0.75","approaching"
"KR-M010-KPI-SRC-02-202510","M010","KPI-SRC-02","2025-10-01","0.9412","0.9","0.85","meeting"
"KR-M010-KPI-PIT-03-202510","M010","KPI-PIT-03","2025-10-01","6","5","7","approaching"
"KR-M010-KPI-USC-04-202510","M010","KPI-USC-04","2025-10-01","0.947","0.95","0.93","approaching"
"KR-M010-KPI-ERR-05-202510","M010","KPI-ERR-05","2025-10-01","0.812","0.8","0.75","meeting"
"KR-M010-KPI-CSI-06-202510","M010","KPI-CSI-06","2025-10-01","0.758","0.75","0.7","meeting"
"KR-M010-KPI-VDQ-01-202511","M010","KPI-VDQ-01","2025-11-01","0.8333","0.85","0.75","approaching"
"KR-M010-KPI-SRC-02-202511","M010","KPI-SRC-02","2025-11-01","0.9419","0.9","0.85","meeting"
"KR-M010-KPI-PIT-03-202511","M010","KPI-PIT-03","2025-11-01","6","5","7","approaching"
"KR-M010-KPI-USC-04-202511","M010","KPI-USC-04","2025-11-01","0.947","0.95","0.93","approaching"
"KR-M010-KPI-ERR-05-202511","M010","KPI-ERR-05","2025-11-01","0.812","0.8","0.75","meeting"
"KR-M010-KPI-CSI-06-202511","M010","KPI-CSI-06","2025-11-01","0.758","0.75","0.7","meeting"
"KR-M010-KPI-VDQ-01-202512","M010","KPI-VDQ-01","2025-12-01","0.8333","0.85","0.75","approaching"
"KR-M010-KPI-SRC-02-202512","M010","KPI-SRC-02","2025-12-01","0.9425","0.9","0.85","meeting"
"KR-M010-KPI-PIT-03-202512","M010","KPI-PIT-03","2025-12-01","6","5","7","approaching"
"KR-M010-KPI-USC-04-202512","M010","KPI-USC-04","2025-12-01","0.947","0.95","0.93","approaching"
"KR-M010-KPI-ERR-05-202512","M010","KPI-ERR-05","2025-12-01","0.812","0.8","0.75","meeting"
"KR-M010-KPI-CSI-06-202512","M010","KPI-CSI-06","2025-12-01","0.758","0.75","0.7","meeting"
"KR-M010-KPI-VDQ-01-202601","M010","KPI-VDQ-01","2026-01-01","0.8333","0.85","0.75","approaching"
"KR-M010-KPI-SRC-02-202601","M010","KPI-SRC-02","2026-01-01","0.9342","0.9","0.85","meeting"
"KR-M010-KPI-PIT-03-202601","M010","KPI-PIT-03","2026-01-01","6","5","7","approaching"
"KR-M010-KPI-USC-04-202601","M010","KPI-USC-04","2026-01-01","0.947","0.95","0.93","approaching"
"KR-M010-KPI-ERR-05-202601","M010","KPI-ERR-05","2026-01-01","0.812","0.8","0.75","meeting"
"KR-M010-KPI-CSI-06-202601","M010","KPI-CSI-06","2026-01-01","0.758","0.75","0.7","meeting"
"KR-M010-KPI-VDQ-01-202602","M010","KPI-VDQ-01","2026-02-01","0.8333","0.85","0.75","approaching"
"KR-M010-KPI-SRC-02-202602","M010","KPI-SRC-02","2026-02-01","0.9351","0.9","0.85","meeting"
"KR-M010-KPI-PIT-03-202602","M010","KPI-PIT-03","2026-02-01","6","5","7","approaching"
"KR-M010-KPI-USC-04-202602","M010","KPI-USC-04","2026-02-01","0.947","0.95","0.93","approaching"
"KR-M010-KPI-ERR-05-202602","M010","KPI-ERR-05","2026-02-01","0.812","0.8","0.75","meeting"
"KR-M010-KPI-CSI-06-202602","M010","KPI-CSI-06","2026-02-01","0.758","0.75","0.7","meeting"
"KR-M010-KPI-VDQ-01-202603","M010","KPI-VDQ-01","2026-03-01","0.8333","0.85","0.75","approaching"
"KR-M010-KPI-SRC-02-202603","M010","KPI-SRC-02","2026-03-01","0.9359","0.9","0.85","meeting"
"KR-M010-KPI-PIT-03-202603","M010","KPI-PIT-03","2026-03-01","6","5","7","approaching"
"KR-M010-KPI-USC-04-202603","M010","KPI-USC-04","2026-03-01","0.947","0.95","0.93","approaching"
"KR-M010-KPI-ERR-05-202603","M010","KPI-ERR-05","2026-03-01","0.812","0.8","0.75","meeting"
"KR-M010-KPI-CSI-06-202603","M010","KPI-CSI-06","2026-03-01","0.758","0.75","0.7","meeting"
"KR-M010-KPI-VDQ-01-202604","M010","KPI-VDQ-01","2026-04-01","0.8333","0.85","0.75","approaching"
"KR-M010-KPI-SRC-02-202604","M010","KPI-SRC-02","2026-04-01","0.9367","0.9","0.85","meeting"
"KR-M010-KPI-PIT-03-202604","M010","KPI-PIT-03","2026-04-01","6","5","7","approaching"
"KR-M010-KPI-USC-04-202604","M010","KPI-USC-04","2026-04-01","0.947","0.95","0.93","approaching"
"KR-M010-KPI-ERR-05-202604","M010","KPI-ERR-05","2026-04-01","0.812","0.8","0.75","meeting"
"KR-M010-KPI-CSI-06-202604","M010","KPI-CSI-06","2026-04-01","0.758","0.75","0.7","meeting"
"KR-M010-KPI-VDQ-01-202605","M010","KPI-VDQ-01","2026-05-01","0.8333","0.85","0.75","approaching"
"KR-M010-KPI-SRC-02-202605","M010","KPI-SRC-02","2026-05-01","0.9375","0.9","0.85","meeting"
"KR-M010-KPI-PIT-03-202605","M010","KPI-PIT-03","2026-05-01","6","5","7","approaching"
"KR-M010-KPI-USC-04-202605","M010","KPI-USC-04","2026-05-01","0.947","0.95","0.93","approaching"
"KR-M010-KPI-ERR-05-202605","M010","KPI-ERR-05","2026-05-01","0.812","0.8","0.75","meeting"
"KR-M010-KPI-CSI-06-202605","M010","KPI-CSI-06","2026-05-01","0.758","0.75","0.7","meeting"
"KR-M010-KPI-VDQ-01-202606","M010","KPI-VDQ-01","2026-06-01","0.8333","0.85","0.75","approaching"
"KR-M010-KPI-SRC-02-202606","M010","KPI-SRC-02","2026-06-01","0.9383","0.9","0.85","meeting"
"KR-M010-KPI-PIT-03-202606","M010","KPI-PIT-03","2026-06-01","6","5","7","approaching"
"KR-M010-KPI-USC-04-202606","M010","KPI-USC-04","2026-06-01","0.947","0.95","0.93","approaching"
"KR-M010-KPI-ERR-05-202606","M010","KPI-ERR-05","2026-06-01","0.812","0.8","0.75","meeting"
"KR-M010-KPI-CSI-06-202606","M010","KPI-CSI-06","2026-06-01","0.758","0.75","0.7","meeting"
"KR-M011-KPI-VDQ-01-202501","M011","KPI-VDQ-01","2025-01-01","0.8462","0.85","0.75","approaching"
"KR-M011-KPI-SRC-02-202501","M011","KPI-SRC-02","2025-01-01","0.9342","0.9","0.85","meeting"
"KR-M011-KPI-PIT-03-202501","M011","KPI-PIT-03","2025-01-01","6.3","5","7","approaching"
"KR-M011-KPI-USC-04-202501","M011","KPI-USC-04","2025-01-01","0.944","0.95","0.93","approaching"
"KR-M011-KPI-ERR-05-202501","M011","KPI-ERR-05","2025-01-01","0.808","0.8","0.75","meeting"
"KR-M011-KPI-CSI-06-202501","M011","KPI-CSI-06","2025-01-01","0.755","0.75","0.7","meeting"
"KR-M011-KPI-VDQ-01-202502","M011","KPI-VDQ-01","2025-02-01","0.8462","0.85","0.75","approaching"
"KR-M011-KPI-SRC-02-202502","M011","KPI-SRC-02","2025-02-01","0.9351","0.9","0.85","meeting"
"KR-M011-KPI-PIT-03-202502","M011","KPI-PIT-03","2025-02-01","6.3","5","7","approaching"
"KR-M011-KPI-USC-04-202502","M011","KPI-USC-04","2025-02-01","0.944","0.95","0.93","approaching"
"KR-M011-KPI-ERR-05-202502","M011","KPI-ERR-05","2025-02-01","0.808","0.8","0.75","meeting"
"KR-M011-KPI-CSI-06-202502","M011","KPI-CSI-06","2025-02-01","0.755","0.75","0.7","meeting"
"KR-M011-KPI-VDQ-01-202503","M011","KPI-VDQ-01","2025-03-01","0.8462","0.85","0.75","approaching"
"KR-M011-KPI-SRC-02-202503","M011","KPI-SRC-02","2025-03-01","0.9359","0.9","0.85","meeting"
"KR-M011-KPI-PIT-03-202503","M011","KPI-PIT-03","2025-03-01","6.3","5","7","approaching"
"KR-M011-KPI-USC-04-202503","M011","KPI-USC-04","2025-03-01","0.944","0.95","0.93","approaching"
"KR-M011-KPI-ERR-05-202503","M011","KPI-ERR-05","2025-03-01","0.808","0.8","0.75","meeting"
"KR-M011-KPI-CSI-06-202503","M011","KPI-CSI-06","2025-03-01","0.755","0.75","0.7","meeting"
"KR-M011-KPI-VDQ-01-202504","M011","KPI-VDQ-01","2025-04-01","0.8462","0.85","0.75","approaching"
"KR-M011-KPI-SRC-02-202504","M011","KPI-SRC-02","2025-04-01","0.9367","0.9","0.85","meeting"
"KR-M011-KPI-PIT-03-202504","M011","KPI-PIT-03","2025-04-01","6.3","5","7","approaching"
"KR-M011-KPI-USC-04-202504","M011","KPI-USC-04","2025-04-01","0.944","0.95","0.93","approaching"
"KR-M011-KPI-ERR-05-202504","M011","KPI-ERR-05","2025-04-01","0.808","0.8","0.75","meeting"
"KR-M011-KPI-CSI-06-202504","M011","KPI-CSI-06","2025-04-01","0.755","0.75","0.7","meeting"
"KR-M011-KPI-VDQ-01-202505","M011","KPI-VDQ-01","2025-05-01","0.8462","0.85","0.75","approaching"
"KR-M011-KPI-SRC-02-202505","M011","KPI-SRC-02","2025-05-01","0.9375","0.9","0.85","meeting"
"KR-M011-KPI-PIT-03-202505","M011","KPI-PIT-03","2025-05-01","6.3","5","7","approaching"
"KR-M011-KPI-USC-04-202505","M011","KPI-USC-04","2025-05-01","0.944","0.95","0.93","approaching"
"KR-M011-KPI-ERR-05-202505","M011","KPI-ERR-05","2025-05-01","0.808","0.8","0.75","meeting"
"KR-M011-KPI-CSI-06-202505","M011","KPI-CSI-06","2025-05-01","0.755","0.75","0.7","meeting"
"KR-M011-KPI-VDQ-01-202506","M011","KPI-VDQ-01","2025-06-01","0.8462","0.85","0.75","approaching"
"KR-M011-KPI-SRC-02-202506","M011","KPI-SRC-02","2025-06-01","0.9383","0.9","0.85","meeting"
"KR-M011-KPI-PIT-03-202506","M011","KPI-PIT-03","2025-06-01","6.3","5","7","approaching"
"KR-M011-KPI-USC-04-202506","M011","KPI-USC-04","2025-06-01","0.944","0.95","0.93","approaching"
"KR-M011-KPI-ERR-05-202506","M011","KPI-ERR-05","2025-06-01","0.808","0.8","0.75","meeting"
"KR-M011-KPI-CSI-06-202506","M011","KPI-CSI-06","2025-06-01","0.755","0.75","0.7","meeting"
"KR-M011-KPI-VDQ-01-202507","M011","KPI-VDQ-01","2025-07-01","0.8462","0.85","0.75","approaching"
"KR-M011-KPI-SRC-02-202507","M011","KPI-SRC-02","2025-07-01","0.939","0.9","0.85","meeting"
"KR-M011-KPI-PIT-03-202507","M011","KPI-PIT-03","2025-07-01","6.3","5","7","approaching"
"KR-M011-KPI-USC-04-202507","M011","KPI-USC-04","2025-07-01","0.944","0.95","0.93","approaching"
"KR-M011-KPI-ERR-05-202507","M011","KPI-ERR-05","2025-07-01","0.808","0.8","0.75","meeting"
"KR-M011-KPI-CSI-06-202507","M011","KPI-CSI-06","2025-07-01","0.755","0.75","0.7","meeting"
"KR-M011-KPI-VDQ-01-202508","M011","KPI-VDQ-01","2025-08-01","0.8462","0.85","0.75","approaching"
"KR-M011-KPI-SRC-02-202508","M011","KPI-SRC-02","2025-08-01","0.9398","0.9","0.85","meeting"
"KR-M011-KPI-PIT-03-202508","M011","KPI-PIT-03","2025-08-01","6.3","5","7","approaching"
"KR-M011-KPI-USC-04-202508","M011","KPI-USC-04","2025-08-01","0.944","0.95","0.93","approaching"
"KR-M011-KPI-ERR-05-202508","M011","KPI-ERR-05","2025-08-01","0.808","0.8","0.75","meeting"
"KR-M011-KPI-CSI-06-202508","M011","KPI-CSI-06","2025-08-01","0.755","0.75","0.7","meeting"
"KR-M011-KPI-VDQ-01-202509","M011","KPI-VDQ-01","2025-09-01","0.8462","0.85","0.75","approaching"
"KR-M011-KPI-SRC-02-202509","M011","KPI-SRC-02","2025-09-01","0.9405","0.9","0.85","meeting"
"KR-M011-KPI-PIT-03-202509","M011","KPI-PIT-03","2025-09-01","6.3","5","7","approaching"
"KR-M011-KPI-USC-04-202509","M011","KPI-USC-04","2025-09-01","0.944","0.95","0.93","approaching"
"KR-M011-KPI-ERR-05-202509","M011","KPI-ERR-05","2025-09-01","0.808","0.8","0.75","meeting"
"KR-M011-KPI-CSI-06-202509","M011","KPI-CSI-06","2025-09-01","0.755","0.75","0.7","meeting"
"KR-M011-KPI-VDQ-01-202510","M011","KPI-VDQ-01","2025-10-01","0.8462","0.85","0.75","approaching"
"KR-M011-KPI-SRC-02-202510","M011","KPI-SRC-02","2025-10-01","0.9412","0.9","0.85","meeting"
"KR-M011-KPI-PIT-03-202510","M011","KPI-PIT-03","2025-10-01","6.3","5","7","approaching"
"KR-M011-KPI-USC-04-202510","M011","KPI-USC-04","2025-10-01","0.944","0.95","0.93","approaching"
"KR-M011-KPI-ERR-05-202510","M011","KPI-ERR-05","2025-10-01","0.808","0.8","0.75","meeting"
"KR-M011-KPI-CSI-06-202510","M011","KPI-CSI-06","2025-10-01","0.755","0.75","0.7","meeting"
"KR-M011-KPI-VDQ-01-202511","M011","KPI-VDQ-01","2025-11-01","0.8462","0.85","0.75","approaching"
"KR-M011-KPI-SRC-02-202511","M011","KPI-SRC-02","2025-11-01","0.9419","0.9","0.85","meeting"
"KR-M011-KPI-PIT-03-202511","M011","KPI-PIT-03","2025-11-01","6.3","5","7","approaching"
"KR-M011-KPI-USC-04-202511","M011","KPI-USC-04","2025-11-01","0.944","0.95","0.93","approaching"
"KR-M011-KPI-ERR-05-202511","M011","KPI-ERR-05","2025-11-01","0.808","0.8","0.75","meeting"
"KR-M011-KPI-CSI-06-202511","M011","KPI-CSI-06","2025-11-01","0.755","0.75","0.7","meeting"
"KR-M011-KPI-VDQ-01-202512","M011","KPI-VDQ-01","2025-12-01","0.8462","0.85","0.75","approaching"
"KR-M011-KPI-SRC-02-202512","M011","KPI-SRC-02","2025-12-01","0.9425","0.9","0.85","meeting"
"KR-M011-KPI-PIT-03-202512","M011","KPI-PIT-03","2025-12-01","6.3","5","7","approaching"
"KR-M011-KPI-USC-04-202512","M011","KPI-USC-04","2025-12-01","0.944","0.95","0.93","approaching"
"KR-M011-KPI-ERR-05-202512","M011","KPI-ERR-05","2025-12-01","0.808","0.8","0.75","meeting"
"KR-M011-KPI-CSI-06-202512","M011","KPI-CSI-06","2025-12-01","0.755","0.75","0.7","meeting"
"KR-M011-KPI-VDQ-01-202601","M011","KPI-VDQ-01","2026-01-01","0.8462","0.85","0.75","approaching"
"KR-M011-KPI-SRC-02-202601","M011","KPI-SRC-02","2026-01-01","0.9342","0.9","0.85","meeting"
"KR-M011-KPI-PIT-03-202601","M011","KPI-PIT-03","2026-01-01","6.3","5","7","approaching"
"KR-M011-KPI-USC-04-202601","M011","KPI-USC-04","2026-01-01","0.944","0.95","0.93","approaching"
"KR-M011-KPI-ERR-05-202601","M011","KPI-ERR-05","2026-01-01","0.808","0.8","0.75","meeting"
"KR-M011-KPI-CSI-06-202601","M011","KPI-CSI-06","2026-01-01","0.755","0.75","0.7","meeting"
"KR-M011-KPI-VDQ-01-202602","M011","KPI-VDQ-01","2026-02-01","0.8462","0.85","0.75","approaching"
"KR-M011-KPI-SRC-02-202602","M011","KPI-SRC-02","2026-02-01","0.9351","0.9","0.85","meeting"
"KR-M011-KPI-PIT-03-202602","M011","KPI-PIT-03","2026-02-01","6.3","5","7","approaching"
"KR-M011-KPI-USC-04-202602","M011","KPI-USC-04","2026-02-01","0.944","0.95","0.93","approaching"
"KR-M011-KPI-ERR-05-202602","M011","KPI-ERR-05","2026-02-01","0.808","0.8","0.75","meeting"
"KR-M011-KPI-CSI-06-202602","M011","KPI-CSI-06","2026-02-01","0.755","0.75","0.7","meeting"
"KR-M011-KPI-VDQ-01-202603","M011","KPI-VDQ-01","2026-03-01","0.6154","0.85","0.75","breach"
"KR-M011-KPI-SRC-02-202603","M011","KPI-SRC-02","2026-03-01","0.8077","0.9","0.85","breach"
"KR-M011-KPI-PIT-03-202603","M011","KPI-PIT-03","2026-03-01","8.1","5","7","breach"
"KR-M011-KPI-USC-04-202603","M011","KPI-USC-04","2026-03-01","0.894","0.95","0.93","breach"
"KR-M011-KPI-ERR-05-202603","M011","KPI-ERR-05","2026-03-01","0.728","0.8","0.75","breach"
"KR-M011-KPI-CSI-06-202603","M011","KPI-CSI-06","2026-03-01","0.695","0.75","0.7","breach"
"KR-M011-KPI-VDQ-01-202604","M011","KPI-VDQ-01","2026-04-01","0.6154","0.85","0.75","breach"
"KR-M011-KPI-SRC-02-202604","M011","KPI-SRC-02","2026-04-01","0.8101","0.9","0.85","breach"
"KR-M011-KPI-PIT-03-202604","M011","KPI-PIT-03","2026-04-01","8.1","5","7","breach"
"KR-M011-KPI-USC-04-202604","M011","KPI-USC-04","2026-04-01","0.894","0.95","0.93","breach"
"KR-M011-KPI-ERR-05-202604","M011","KPI-ERR-05","2026-04-01","0.728","0.8","0.75","breach"
"KR-M011-KPI-CSI-06-202604","M011","KPI-CSI-06","2026-04-01","0.695","0.75","0.7","breach"
"KR-M011-KPI-VDQ-01-202605","M011","KPI-VDQ-01","2026-05-01","0.6154","0.85","0.75","breach"
"KR-M011-KPI-SRC-02-202605","M011","KPI-SRC-02","2026-05-01","0.8125","0.9","0.85","breach"
"KR-M011-KPI-PIT-03-202605","M011","KPI-PIT-03","2026-05-01","8.1","5","7","breach"
"KR-M011-KPI-USC-04-202605","M011","KPI-USC-04","2026-05-01","0.894","0.95","0.93","breach"
"KR-M011-KPI-ERR-05-202605","M011","KPI-ERR-05","2026-05-01","0.728","0.8","0.75","breach"
"KR-M011-KPI-CSI-06-202605","M011","KPI-CSI-06","2026-05-01","0.695","0.75","0.7","breach"
"KR-M011-KPI-VDQ-01-202606","M011","KPI-VDQ-01","2026-06-01","0.6154","0.85","0.75","breach"
"KR-M011-KPI-SRC-02-202606","M011","KPI-SRC-02","2026-06-01","0.8148","0.9","0.85","breach"
"KR-M011-KPI-PIT-03-202606","M011","KPI-PIT-03","2026-06-01","8.1","5","7","breach"
"KR-M011-KPI-USC-04-202606","M011","KPI-USC-04","2026-06-01","0.894","0.95","0.93","breach"
"KR-M011-KPI-ERR-05-202606","M011","KPI-ERR-05","2026-06-01","0.728","0.8","0.75","breach"
"KR-M011-KPI-CSI-06-202606","M011","KPI-CSI-06","2026-06-01","0.695","0.75","0.7","breach"
"KR-M012-KPI-VDQ-01-202501","M012","KPI-VDQ-01","2025-01-01","0.8571","0.85","0.75","meeting"
"KR-M012-KPI-SRC-02-202501","M012","KPI-SRC-02","2025-01-01","0.9367","0.9","0.85","meeting"
"KR-M012-KPI-PIT-03-202501","M012","KPI-PIT-03","2025-01-01","5.4","5","7","approaching"
"KR-M012-KPI-USC-04-202501","M012","KPI-USC-04","2025-01-01","0.95","0.95","0.93","meeting"
"KR-M012-KPI-ERR-05-202501","M012","KPI-ERR-05","2025-01-01","0.82","0.8","0.75","meeting"
"KR-M012-KPI-CSI-06-202501","M012","KPI-CSI-06","2025-01-01","0.77","0.75","0.7","meeting"
"KR-M012-KPI-VDQ-01-202502","M012","KPI-VDQ-01","2025-02-01","0.8571","0.85","0.75","meeting"
"KR-M012-KPI-SRC-02-202502","M012","KPI-SRC-02","2025-02-01","0.9375","0.9","0.85","meeting"
"KR-M012-KPI-PIT-03-202502","M012","KPI-PIT-03","2025-02-01","5.4","5","7","approaching"
"KR-M012-KPI-USC-04-202502","M012","KPI-USC-04","2025-02-01","0.95","0.95","0.93","meeting"
"KR-M012-KPI-ERR-05-202502","M012","KPI-ERR-05","2025-02-01","0.82","0.8","0.75","meeting"
"KR-M012-KPI-CSI-06-202502","M012","KPI-CSI-06","2025-02-01","0.77","0.75","0.7","meeting"
"KR-M012-KPI-VDQ-01-202503","M012","KPI-VDQ-01","2025-03-01","0.8571","0.85","0.75","meeting"
"KR-M012-KPI-SRC-02-202503","M012","KPI-SRC-02","2025-03-01","0.9383","0.9","0.85","meeting"
"KR-M012-KPI-PIT-03-202503","M012","KPI-PIT-03","2025-03-01","5.4","5","7","approaching"
"KR-M012-KPI-USC-04-202503","M012","KPI-USC-04","2025-03-01","0.95","0.95","0.93","meeting"
"KR-M012-KPI-ERR-05-202503","M012","KPI-ERR-05","2025-03-01","0.82","0.8","0.75","meeting"
"KR-M012-KPI-CSI-06-202503","M012","KPI-CSI-06","2025-03-01","0.77","0.75","0.7","meeting"
"KR-M012-KPI-VDQ-01-202504","M012","KPI-VDQ-01","2025-04-01","0.8571","0.85","0.75","meeting"
"KR-M012-KPI-SRC-02-202504","M012","KPI-SRC-02","2025-04-01","0.939","0.9","0.85","meeting"
"KR-M012-KPI-PIT-03-202504","M012","KPI-PIT-03","2025-04-01","5.4","5","7","approaching"
"KR-M012-KPI-USC-04-202504","M012","KPI-USC-04","2025-04-01","0.95","0.95","0.93","meeting"
"KR-M012-KPI-ERR-05-202504","M012","KPI-ERR-05","2025-04-01","0.82","0.8","0.75","meeting"
"KR-M012-KPI-CSI-06-202504","M012","KPI-CSI-06","2025-04-01","0.77","0.75","0.7","meeting"
"KR-M012-KPI-VDQ-01-202505","M012","KPI-VDQ-01","2025-05-01","0.8571","0.85","0.75","meeting"
"KR-M012-KPI-SRC-02-202505","M012","KPI-SRC-02","2025-05-01","0.9398","0.9","0.85","meeting"
"KR-M012-KPI-PIT-03-202505","M012","KPI-PIT-03","2025-05-01","5.4","5","7","approaching"
"KR-M012-KPI-USC-04-202505","M012","KPI-USC-04","2025-05-01","0.95","0.95","0.93","meeting"
"KR-M012-KPI-ERR-05-202505","M012","KPI-ERR-05","2025-05-01","0.82","0.8","0.75","meeting"
"KR-M012-KPI-CSI-06-202505","M012","KPI-CSI-06","2025-05-01","0.77","0.75","0.7","meeting"
"KR-M012-KPI-VDQ-01-202506","M012","KPI-VDQ-01","2025-06-01","0.8571","0.85","0.75","meeting"
"KR-M012-KPI-SRC-02-202506","M012","KPI-SRC-02","2025-06-01","0.9405","0.9","0.85","meeting"
"KR-M012-KPI-PIT-03-202506","M012","KPI-PIT-03","2025-06-01","5.4","5","7","approaching"
"KR-M012-KPI-USC-04-202506","M012","KPI-USC-04","2025-06-01","0.95","0.95","0.93","meeting"
"KR-M012-KPI-ERR-05-202506","M012","KPI-ERR-05","2025-06-01","0.82","0.8","0.75","meeting"
"KR-M012-KPI-CSI-06-202506","M012","KPI-CSI-06","2025-06-01","0.77","0.75","0.7","meeting"
"KR-M012-KPI-VDQ-01-202507","M012","KPI-VDQ-01","2025-07-01","0.8571","0.85","0.75","meeting"
"KR-M012-KPI-SRC-02-202507","M012","KPI-SRC-02","2025-07-01","0.9412","0.9","0.85","meeting"
"KR-M012-KPI-PIT-03-202507","M012","KPI-PIT-03","2025-07-01","5.4","5","7","approaching"
"KR-M012-KPI-USC-04-202507","M012","KPI-USC-04","2025-07-01","0.95","0.95","0.93","meeting"
"KR-M012-KPI-ERR-05-202507","M012","KPI-ERR-05","2025-07-01","0.82","0.8","0.75","meeting"
"KR-M012-KPI-CSI-06-202507","M012","KPI-CSI-06","2025-07-01","0.77","0.75","0.7","meeting"
"KR-M012-KPI-VDQ-01-202508","M012","KPI-VDQ-01","2025-08-01","0.8571","0.85","0.75","meeting"
"KR-M012-KPI-SRC-02-202508","M012","KPI-SRC-02","2025-08-01","0.9419","0.9","0.85","meeting"
"KR-M012-KPI-PIT-03-202508","M012","KPI-PIT-03","2025-08-01","5.4","5","7","approaching"
"KR-M012-KPI-USC-04-202508","M012","KPI-USC-04","2025-08-01","0.95","0.95","0.93","meeting"
"KR-M012-KPI-ERR-05-202508","M012","KPI-ERR-05","2025-08-01","0.82","0.8","0.75","meeting"
"KR-M012-KPI-CSI-06-202508","M012","KPI-CSI-06","2025-08-01","0.77","0.75","0.7","meeting"
"KR-M012-KPI-VDQ-01-202509","M012","KPI-VDQ-01","2025-09-01","0.8571","0.85","0.75","meeting"
"KR-M012-KPI-SRC-02-202509","M012","KPI-SRC-02","2025-09-01","0.9425","0.9","0.85","meeting"
"KR-M012-KPI-PIT-03-202509","M012","KPI-PIT-03","2025-09-01","5.4","5","7","approaching"
"KR-M012-KPI-USC-04-202509","M012","KPI-USC-04","2025-09-01","0.95","0.95","0.93","meeting"
"KR-M012-KPI-ERR-05-202509","M012","KPI-ERR-05","2025-09-01","0.82","0.8","0.75","meeting"
"KR-M012-KPI-CSI-06-202509","M012","KPI-CSI-06","2025-09-01","0.77","0.75","0.7","meeting"
"KR-M012-KPI-VDQ-01-202510","M012","KPI-VDQ-01","2025-10-01","0.8571","0.85","0.75","meeting"
"KR-M012-KPI-SRC-02-202510","M012","KPI-SRC-02","2025-10-01","0.9432","0.9","0.85","meeting"
"KR-M012-KPI-PIT-03-202510","M012","KPI-PIT-03","2025-10-01","5.4","5","7","approaching"
"KR-M012-KPI-USC-04-202510","M012","KPI-USC-04","2025-10-01","0.95","0.95","0.93","meeting"
"KR-M012-KPI-ERR-05-202510","M012","KPI-ERR-05","2025-10-01","0.82","0.8","0.75","meeting"
"KR-M012-KPI-CSI-06-202510","M012","KPI-CSI-06","2025-10-01","0.77","0.75","0.7","meeting"
"KR-M012-KPI-VDQ-01-202511","M012","KPI-VDQ-01","2025-11-01","0.8571","0.85","0.75","meeting"
"KR-M012-KPI-SRC-02-202511","M012","KPI-SRC-02","2025-11-01","0.9438","0.9","0.85","meeting"
"KR-M012-KPI-PIT-03-202511","M012","KPI-PIT-03","2025-11-01","5.4","5","7","approaching"
"KR-M012-KPI-USC-04-202511","M012","KPI-USC-04","2025-11-01","0.95","0.95","0.93","meeting"
"KR-M012-KPI-ERR-05-202511","M012","KPI-ERR-05","2025-11-01","0.82","0.8","0.75","meeting"
"KR-M012-KPI-CSI-06-202511","M012","KPI-CSI-06","2025-11-01","0.77","0.75","0.7","meeting"
"KR-M012-KPI-VDQ-01-202512","M012","KPI-VDQ-01","2025-12-01","0.8571","0.85","0.75","meeting"
"KR-M012-KPI-SRC-02-202512","M012","KPI-SRC-02","2025-12-01","0.9444","0.9","0.85","meeting"
"KR-M012-KPI-PIT-03-202512","M012","KPI-PIT-03","2025-12-01","5.4","5","7","approaching"
"KR-M012-KPI-USC-04-202512","M012","KPI-USC-04","2025-12-01","0.95","0.95","0.93","meeting"
"KR-M012-KPI-ERR-05-202512","M012","KPI-ERR-05","2025-12-01","0.82","0.8","0.75","meeting"
"KR-M012-KPI-CSI-06-202512","M012","KPI-CSI-06","2025-12-01","0.77","0.75","0.7","meeting"
"KR-M012-KPI-VDQ-01-202601","M012","KPI-VDQ-01","2026-01-01","0.8571","0.85","0.75","meeting"
"KR-M012-KPI-SRC-02-202601","M012","KPI-SRC-02","2026-01-01","0.9367","0.9","0.85","meeting"
"KR-M012-KPI-PIT-03-202601","M012","KPI-PIT-03","2026-01-01","5.4","5","7","approaching"
"KR-M012-KPI-USC-04-202601","M012","KPI-USC-04","2026-01-01","0.95","0.95","0.93","meeting"
"KR-M012-KPI-ERR-05-202601","M012","KPI-ERR-05","2026-01-01","0.82","0.8","0.75","meeting"
"KR-M012-KPI-CSI-06-202601","M012","KPI-CSI-06","2026-01-01","0.77","0.75","0.7","meeting"
"KR-M012-KPI-VDQ-01-202602","M012","KPI-VDQ-01","2026-02-01","0.8571","0.85","0.75","meeting"
"KR-M012-KPI-SRC-02-202602","M012","KPI-SRC-02","2026-02-01","0.9375","0.9","0.85","meeting"
"KR-M012-KPI-PIT-03-202602","M012","KPI-PIT-03","2026-02-01","5.4","5","7","approaching"
"KR-M012-KPI-USC-04-202602","M012","KPI-USC-04","2026-02-01","0.95","0.95","0.93","meeting"
"KR-M012-KPI-ERR-05-202602","M012","KPI-ERR-05","2026-02-01","0.82","0.8","0.75","meeting"
"KR-M012-KPI-CSI-06-202602","M012","KPI-CSI-06","2026-02-01","0.77","0.75","0.7","meeting"
"KR-M012-KPI-VDQ-01-202603","M012","KPI-VDQ-01","2026-03-01","0.8571","0.85","0.75","meeting"
"KR-M012-KPI-SRC-02-202603","M012","KPI-SRC-02","2026-03-01","0.9383","0.9","0.85","meeting"
"KR-M012-KPI-PIT-03-202603","M012","KPI-PIT-03","2026-03-01","5.4","5","7","approaching"
"KR-M012-KPI-USC-04-202603","M012","KPI-USC-04","2026-03-01","0.95","0.95","0.93","meeting"
"KR-M012-KPI-ERR-05-202603","M012","KPI-ERR-05","2026-03-01","0.82","0.8","0.75","meeting"
"KR-M012-KPI-CSI-06-202603","M012","KPI-CSI-06","2026-03-01","0.77","0.75","0.7","meeting"
"KR-M012-KPI-VDQ-01-202604","M012","KPI-VDQ-01","2026-04-01","0.8571","0.85","0.75","meeting"
"KR-M012-KPI-SRC-02-202604","M012","KPI-SRC-02","2026-04-01","0.939","0.9","0.85","meeting"
"KR-M012-KPI-PIT-03-202604","M012","KPI-PIT-03","2026-04-01","5.4","5","7","approaching"
"KR-M012-KPI-USC-04-202604","M012","KPI-USC-04","2026-04-01","0.95","0.95","0.93","meeting"
"KR-M012-KPI-ERR-05-202604","M012","KPI-ERR-05","2026-04-01","0.82","0.8","0.75","meeting"
"KR-M012-KPI-CSI-06-202604","M012","KPI-CSI-06","2026-04-01","0.77","0.75","0.7","meeting"
"KR-M012-KPI-VDQ-01-202605","M012","KPI-VDQ-01","2026-05-01","0.8571","0.85","0.75","meeting"
"KR-M012-KPI-SRC-02-202605","M012","KPI-SRC-02","2026-05-01","0.9398","0.9","0.85","meeting"
"KR-M012-KPI-PIT-03-202605","M012","KPI-PIT-03","2026-05-01","5.4","5","7","approaching"
"KR-M012-KPI-USC-04-202605","M012","KPI-USC-04","2026-05-01","0.95","0.95","0.93","meeting"
"KR-M012-KPI-ERR-05-202605","M012","KPI-ERR-05","2026-05-01","0.82","0.8","0.75","meeting"
"KR-M012-KPI-CSI-06-202605","M012","KPI-CSI-06","2026-05-01","0.77","0.75","0.7","meeting"
"KR-M012-KPI-VDQ-01-202606","M012","KPI-VDQ-01","2026-06-01","0.8571","0.85","0.75","meeting"
"KR-M012-KPI-SRC-02-202606","M012","KPI-SRC-02","2026-06-01","0.9405","0.9","0.85","meeting"
"KR-M012-KPI-PIT-03-202606","M012","KPI-PIT-03","2026-06-01","5.4","5","7","approaching"
"KR-M012-KPI-USC-04-202606","M012","KPI-USC-04","2026-06-01","0.95","0.95","0.93","meeting"
"KR-M012-KPI-ERR-05-202606","M012","KPI-ERR-05","2026-06-01","0.82","0.8","0.75","meeting"
"KR-M012-KPI-CSI-06-202606","M012","KPI-CSI-06","2026-06-01","0.77","0.75","0.7","meeting"
"KR-M013-KPI-VDQ-01-202501","M013","KPI-VDQ-01","2025-01-01","0.8667","0.85","0.75","meeting"
"KR-M013-KPI-SRC-02-202501","M013","KPI-SRC-02","2025-01-01","0.9367","0.9","0.85","meeting"
"KR-M013-KPI-PIT-03-202501","M013","KPI-PIT-03","2025-01-01","5.7","5","7","approaching"
"KR-M013-KPI-USC-04-202501","M013","KPI-USC-04","2025-01-01","0.947","0.95","0.93","approaching"
"KR-M013-KPI-ERR-05-202501","M013","KPI-ERR-05","2025-01-01","0.816","0.8","0.75","meeting"
"KR-M013-KPI-CSI-06-202501","M013","KPI-CSI-06","2025-01-01","0.767","0.75","0.7","meeting"
"KR-M013-KPI-VDQ-01-202502","M013","KPI-VDQ-01","2025-02-01","0.8667","0.85","0.75","meeting"
"KR-M013-KPI-SRC-02-202502","M013","KPI-SRC-02","2025-02-01","0.9375","0.9","0.85","meeting"
"KR-M013-KPI-PIT-03-202502","M013","KPI-PIT-03","2025-02-01","5.7","5","7","approaching"
"KR-M013-KPI-USC-04-202502","M013","KPI-USC-04","2025-02-01","0.947","0.95","0.93","approaching"
"KR-M013-KPI-ERR-05-202502","M013","KPI-ERR-05","2025-02-01","0.816","0.8","0.75","meeting"
"KR-M013-KPI-CSI-06-202502","M013","KPI-CSI-06","2025-02-01","0.767","0.75","0.7","meeting"
"KR-M013-KPI-VDQ-01-202503","M013","KPI-VDQ-01","2025-03-01","0.8667","0.85","0.75","meeting"
"KR-M013-KPI-SRC-02-202503","M013","KPI-SRC-02","2025-03-01","0.9383","0.9","0.85","meeting"
"KR-M013-KPI-PIT-03-202503","M013","KPI-PIT-03","2025-03-01","5.7","5","7","approaching"
"KR-M013-KPI-USC-04-202503","M013","KPI-USC-04","2025-03-01","0.947","0.95","0.93","approaching"
"KR-M013-KPI-ERR-05-202503","M013","KPI-ERR-05","2025-03-01","0.816","0.8","0.75","meeting"
"KR-M013-KPI-CSI-06-202503","M013","KPI-CSI-06","2025-03-01","0.767","0.75","0.7","meeting"
"KR-M013-KPI-VDQ-01-202504","M013","KPI-VDQ-01","2025-04-01","0.8667","0.85","0.75","meeting"
"KR-M013-KPI-SRC-02-202504","M013","KPI-SRC-02","2025-04-01","0.939","0.9","0.85","meeting"
"KR-M013-KPI-PIT-03-202504","M013","KPI-PIT-03","2025-04-01","5.7","5","7","approaching"
"KR-M013-KPI-USC-04-202504","M013","KPI-USC-04","2025-04-01","0.947","0.95","0.93","approaching"
"KR-M013-KPI-ERR-05-202504","M013","KPI-ERR-05","2025-04-01","0.816","0.8","0.75","meeting"
"KR-M013-KPI-CSI-06-202504","M013","KPI-CSI-06","2025-04-01","0.767","0.75","0.7","meeting"
"KR-M013-KPI-VDQ-01-202505","M013","KPI-VDQ-01","2025-05-01","0.8667","0.85","0.75","meeting"
"KR-M013-KPI-SRC-02-202505","M013","KPI-SRC-02","2025-05-01","0.9398","0.9","0.85","meeting"
"KR-M013-KPI-PIT-03-202505","M013","KPI-PIT-03","2025-05-01","5.7","5","7","approaching"
"KR-M013-KPI-USC-04-202505","M013","KPI-USC-04","2025-05-01","0.947","0.95","0.93","approaching"
"KR-M013-KPI-ERR-05-202505","M013","KPI-ERR-05","2025-05-01","0.816","0.8","0.75","meeting"
"KR-M013-KPI-CSI-06-202505","M013","KPI-CSI-06","2025-05-01","0.767","0.75","0.7","meeting"
"KR-M013-KPI-VDQ-01-202506","M013","KPI-VDQ-01","2025-06-01","0.8667","0.85","0.75","meeting"
"KR-M013-KPI-SRC-02-202506","M013","KPI-SRC-02","2025-06-01","0.9405","0.9","0.85","meeting"
"KR-M013-KPI-PIT-03-202506","M013","KPI-PIT-03","2025-06-01","5.7","5","7","approaching"
"KR-M013-KPI-USC-04-202506","M013","KPI-USC-04","2025-06-01","0.947","0.95","0.93","approaching"
"KR-M013-KPI-ERR-05-202506","M013","KPI-ERR-05","2025-06-01","0.816","0.8","0.75","meeting"
"KR-M013-KPI-CSI-06-202506","M013","KPI-CSI-06","2025-06-01","0.767","0.75","0.7","meeting"
"KR-M013-KPI-VDQ-01-202507","M013","KPI-VDQ-01","2025-07-01","0.8667","0.85","0.75","meeting"
"KR-M013-KPI-SRC-02-202507","M013","KPI-SRC-02","2025-07-01","0.9412","0.9","0.85","meeting"
"KR-M013-KPI-PIT-03-202507","M013","KPI-PIT-03","2025-07-01","5.7","5","7","approaching"
"KR-M013-KPI-USC-04-202507","M013","KPI-USC-04","2025-07-01","0.947","0.95","0.93","approaching"
"KR-M013-KPI-ERR-05-202507","M013","KPI-ERR-05","2025-07-01","0.816","0.8","0.75","meeting"
"KR-M013-KPI-CSI-06-202507","M013","KPI-CSI-06","2025-07-01","0.767","0.75","0.7","meeting"
"KR-M013-KPI-VDQ-01-202508","M013","KPI-VDQ-01","2025-08-01","0.8667","0.85","0.75","meeting"
"KR-M013-KPI-SRC-02-202508","M013","KPI-SRC-02","2025-08-01","0.9419","0.9","0.85","meeting"
"KR-M013-KPI-PIT-03-202508","M013","KPI-PIT-03","2025-08-01","5.7","5","7","approaching"
"KR-M013-KPI-USC-04-202508","M013","KPI-USC-04","2025-08-01","0.947","0.95","0.93","approaching"
"KR-M013-KPI-ERR-05-202508","M013","KPI-ERR-05","2025-08-01","0.816","0.8","0.75","meeting"
"KR-M013-KPI-CSI-06-202508","M013","KPI-CSI-06","2025-08-01","0.767","0.75","0.7","meeting"
"KR-M013-KPI-VDQ-01-202509","M013","KPI-VDQ-01","2025-09-01","0.8667","0.85","0.75","meeting"
"KR-M013-KPI-SRC-02-202509","M013","KPI-SRC-02","2025-09-01","0.9425","0.9","0.85","meeting"
"KR-M013-KPI-PIT-03-202509","M013","KPI-PIT-03","2025-09-01","5.7","5","7","approaching"
"KR-M013-KPI-USC-04-202509","M013","KPI-USC-04","2025-09-01","0.947","0.95","0.93","approaching"
"KR-M013-KPI-ERR-05-202509","M013","KPI-ERR-05","2025-09-01","0.816","0.8","0.75","meeting"
"KR-M013-KPI-CSI-06-202509","M013","KPI-CSI-06","2025-09-01","0.767","0.75","0.7","meeting"
"KR-M013-KPI-VDQ-01-202510","M013","KPI-VDQ-01","2025-10-01","0.8667","0.85","0.75","meeting"
"KR-M013-KPI-SRC-02-202510","M013","KPI-SRC-02","2025-10-01","0.9432","0.9","0.85","meeting"
"KR-M013-KPI-PIT-03-202510","M013","KPI-PIT-03","2025-10-01","5.7","5","7","approaching"
"KR-M013-KPI-USC-04-202510","M013","KPI-USC-04","2025-10-01","0.947","0.95","0.93","approaching"
"KR-M013-KPI-ERR-05-202510","M013","KPI-ERR-05","2025-10-01","0.816","0.8","0.75","meeting"
"KR-M013-KPI-CSI-06-202510","M013","KPI-CSI-06","2025-10-01","0.767","0.75","0.7","meeting"
"KR-M013-KPI-VDQ-01-202511","M013","KPI-VDQ-01","2025-11-01","0.8667","0.85","0.75","meeting"
"KR-M013-KPI-SRC-02-202511","M013","KPI-SRC-02","2025-11-01","0.9438","0.9","0.85","meeting"
"KR-M013-KPI-PIT-03-202511","M013","KPI-PIT-03","2025-11-01","5.7","5","7","approaching"
"KR-M013-KPI-USC-04-202511","M013","KPI-USC-04","2025-11-01","0.947","0.95","0.93","approaching"
"KR-M013-KPI-ERR-05-202511","M013","KPI-ERR-05","2025-11-01","0.816","0.8","0.75","meeting"
"KR-M013-KPI-CSI-06-202511","M013","KPI-CSI-06","2025-11-01","0.767","0.75","0.7","meeting"
"KR-M013-KPI-VDQ-01-202512","M013","KPI-VDQ-01","2025-12-01","0.8667","0.85","0.75","meeting"
"KR-M013-KPI-SRC-02-202512","M013","KPI-SRC-02","2025-12-01","0.9444","0.9","0.85","meeting"
"KR-M013-KPI-PIT-03-202512","M013","KPI-PIT-03","2025-12-01","5.7","5","7","approaching"
"KR-M013-KPI-USC-04-202512","M013","KPI-USC-04","2025-12-01","0.947","0.95","0.93","approaching"
"KR-M013-KPI-ERR-05-202512","M013","KPI-ERR-05","2025-12-01","0.816","0.8","0.75","meeting"
"KR-M013-KPI-CSI-06-202512","M013","KPI-CSI-06","2025-12-01","0.767","0.75","0.7","meeting"
"KR-M013-KPI-VDQ-01-202601","M013","KPI-VDQ-01","2026-01-01","0.8667","0.85","0.75","meeting"
"KR-M013-KPI-SRC-02-202601","M013","KPI-SRC-02","2026-01-01","0.9367","0.9","0.85","meeting"
"KR-M013-KPI-PIT-03-202601","M013","KPI-PIT-03","2026-01-01","5.7","5","7","approaching"
"KR-M013-KPI-USC-04-202601","M013","KPI-USC-04","2026-01-01","0.947","0.95","0.93","approaching"
"KR-M013-KPI-ERR-05-202601","M013","KPI-ERR-05","2026-01-01","0.816","0.8","0.75","meeting"
"KR-M013-KPI-CSI-06-202601","M013","KPI-CSI-06","2026-01-01","0.767","0.75","0.7","meeting"
"KR-M013-KPI-VDQ-01-202602","M013","KPI-VDQ-01","2026-02-01","0.8667","0.85","0.75","meeting"
"KR-M013-KPI-SRC-02-202602","M013","KPI-SRC-02","2026-02-01","0.9375","0.9","0.85","meeting"
"KR-M013-KPI-PIT-03-202602","M013","KPI-PIT-03","2026-02-01","5.7","5","7","approaching"
"KR-M013-KPI-USC-04-202602","M013","KPI-USC-04","2026-02-01","0.947","0.95","0.93","approaching"
"KR-M013-KPI-ERR-05-202602","M013","KPI-ERR-05","2026-02-01","0.816","0.8","0.75","meeting"
"KR-M013-KPI-CSI-06-202602","M013","KPI-CSI-06","2026-02-01","0.767","0.75","0.7","meeting"
"KR-M013-KPI-VDQ-01-202603","M013","KPI-VDQ-01","2026-03-01","0.8667","0.85","0.75","meeting"
"KR-M013-KPI-SRC-02-202603","M013","KPI-SRC-02","2026-03-01","0.9383","0.9","0.85","meeting"
"KR-M013-KPI-PIT-03-202603","M013","KPI-PIT-03","2026-03-01","5.7","5","7","approaching"
"KR-M013-KPI-USC-04-202603","M013","KPI-USC-04","2026-03-01","0.947","0.95","0.93","approaching"
"KR-M013-KPI-ERR-05-202603","M013","KPI-ERR-05","2026-03-01","0.816","0.8","0.75","meeting"
"KR-M013-KPI-CSI-06-202603","M013","KPI-CSI-06","2026-03-01","0.767","0.75","0.7","meeting"
"KR-M013-KPI-VDQ-01-202604","M013","KPI-VDQ-01","2026-04-01","0.8667","0.85","0.75","meeting"
"KR-M013-KPI-SRC-02-202604","M013","KPI-SRC-02","2026-04-01","0.939","0.9","0.85","meeting"
"KR-M013-KPI-PIT-03-202604","M013","KPI-PIT-03","2026-04-01","5.7","5","7","approaching"
"KR-M013-KPI-USC-04-202604","M013","KPI-USC-04","2026-04-01","0.947","0.95","0.93","approaching"
"KR-M013-KPI-ERR-05-202604","M013","KPI-ERR-05","2026-04-01","0.816","0.8","0.75","meeting"
"KR-M013-KPI-CSI-06-202604","M013","KPI-CSI-06","2026-04-01","0.767","0.75","0.7","meeting"
"KR-M013-KPI-VDQ-01-202605","M013","KPI-VDQ-01","2026-05-01","0.8667","0.85","0.75","meeting"
"KR-M013-KPI-SRC-02-202605","M013","KPI-SRC-02","2026-05-01","0.9398","0.9","0.85","meeting"
"KR-M013-KPI-PIT-03-202605","M013","KPI-PIT-03","2026-05-01","5.7","5","7","approaching"
"KR-M013-KPI-USC-04-202605","M013","KPI-USC-04","2026-05-01","0.947","0.95","0.93","approaching"
"KR-M013-KPI-ERR-05-202605","M013","KPI-ERR-05","2026-05-01","0.816","0.8","0.75","meeting"
"KR-M013-KPI-CSI-06-202605","M013","KPI-CSI-06","2026-05-01","0.767","0.75","0.7","meeting"
"KR-M013-KPI-VDQ-01-202606","M013","KPI-VDQ-01","2026-06-01","0.8667","0.85","0.75","meeting"
"KR-M013-KPI-SRC-02-202606","M013","KPI-SRC-02","2026-06-01","0.9405","0.9","0.85","meeting"
"KR-M013-KPI-PIT-03-202606","M013","KPI-PIT-03","2026-06-01","5.7","5","7","approaching"
"KR-M013-KPI-USC-04-202606","M013","KPI-USC-04","2026-06-01","0.947","0.95","0.93","approaching"
"KR-M013-KPI-ERR-05-202606","M013","KPI-ERR-05","2026-06-01","0.816","0.8","0.75","meeting"
"KR-M013-KPI-CSI-06-202606","M013","KPI-CSI-06","2026-06-01","0.767","0.75","0.7","meeting"
"KR-M014-KPI-VDQ-01-202501","M014","KPI-VDQ-01","2025-01-01","0.875","0.85","0.75","meeting"
"KR-M014-KPI-SRC-02-202501","M014","KPI-SRC-02","2025-01-01","0.9367","0.9","0.85","meeting"
"KR-M014-KPI-PIT-03-202501","M014","KPI-PIT-03","2025-01-01","6","5","7","approaching"
"KR-M014-KPI-USC-04-202501","M014","KPI-USC-04","2025-01-01","0.944","0.95","0.93","approaching"
"KR-M014-KPI-ERR-05-202501","M014","KPI-ERR-05","2025-01-01","0.812","0.8","0.75","meeting"
"KR-M014-KPI-CSI-06-202501","M014","KPI-CSI-06","2025-01-01","0.764","0.75","0.7","meeting"
"KR-M014-KPI-VDQ-01-202502","M014","KPI-VDQ-01","2025-02-01","0.875","0.85","0.75","meeting"
"KR-M014-KPI-SRC-02-202502","M014","KPI-SRC-02","2025-02-01","0.9375","0.9","0.85","meeting"
"KR-M014-KPI-PIT-03-202502","M014","KPI-PIT-03","2025-02-01","6","5","7","approaching"
"KR-M014-KPI-USC-04-202502","M014","KPI-USC-04","2025-02-01","0.944","0.95","0.93","approaching"
"KR-M014-KPI-ERR-05-202502","M014","KPI-ERR-05","2025-02-01","0.812","0.8","0.75","meeting"
"KR-M014-KPI-CSI-06-202502","M014","KPI-CSI-06","2025-02-01","0.764","0.75","0.7","meeting"
"KR-M014-KPI-VDQ-01-202503","M014","KPI-VDQ-01","2025-03-01","0.875","0.85","0.75","meeting"
"KR-M014-KPI-SRC-02-202503","M014","KPI-SRC-02","2025-03-01","0.9383","0.9","0.85","meeting"
"KR-M014-KPI-PIT-03-202503","M014","KPI-PIT-03","2025-03-01","6","5","7","approaching"
"KR-M014-KPI-USC-04-202503","M014","KPI-USC-04","2025-03-01","0.944","0.95","0.93","approaching"
"KR-M014-KPI-ERR-05-202503","M014","KPI-ERR-05","2025-03-01","0.812","0.8","0.75","meeting"
"KR-M014-KPI-CSI-06-202503","M014","KPI-CSI-06","2025-03-01","0.764","0.75","0.7","meeting"
"KR-M014-KPI-VDQ-01-202504","M014","KPI-VDQ-01","2025-04-01","0.875","0.85","0.75","meeting"
"KR-M014-KPI-SRC-02-202504","M014","KPI-SRC-02","2025-04-01","0.939","0.9","0.85","meeting"
"KR-M014-KPI-PIT-03-202504","M014","KPI-PIT-03","2025-04-01","6","5","7","approaching"
"KR-M014-KPI-USC-04-202504","M014","KPI-USC-04","2025-04-01","0.944","0.95","0.93","approaching"
"KR-M014-KPI-ERR-05-202504","M014","KPI-ERR-05","2025-04-01","0.812","0.8","0.75","meeting"
"KR-M014-KPI-CSI-06-202504","M014","KPI-CSI-06","2025-04-01","0.764","0.75","0.7","meeting"
"KR-M014-KPI-VDQ-01-202505","M014","KPI-VDQ-01","2025-05-01","0.875","0.85","0.75","meeting"
"KR-M014-KPI-SRC-02-202505","M014","KPI-SRC-02","2025-05-01","0.9398","0.9","0.85","meeting"
"KR-M014-KPI-PIT-03-202505","M014","KPI-PIT-03","2025-05-01","6","5","7","approaching"
"KR-M014-KPI-USC-04-202505","M014","KPI-USC-04","2025-05-01","0.944","0.95","0.93","approaching"
"KR-M014-KPI-ERR-05-202505","M014","KPI-ERR-05","2025-05-01","0.812","0.8","0.75","meeting"
"KR-M014-KPI-CSI-06-202505","M014","KPI-CSI-06","2025-05-01","0.764","0.75","0.7","meeting"
"KR-M014-KPI-VDQ-01-202506","M014","KPI-VDQ-01","2025-06-01","0.875","0.85","0.75","meeting"
"KR-M014-KPI-SRC-02-202506","M014","KPI-SRC-02","2025-06-01","0.9405","0.9","0.85","meeting"
"KR-M014-KPI-PIT-03-202506","M014","KPI-PIT-03","2025-06-01","6","5","7","approaching"
"KR-M014-KPI-USC-04-202506","M014","KPI-USC-04","2025-06-01","0.944","0.95","0.93","approaching"
"KR-M014-KPI-ERR-05-202506","M014","KPI-ERR-05","2025-06-01","0.812","0.8","0.75","meeting"
"KR-M014-KPI-CSI-06-202506","M014","KPI-CSI-06","2025-06-01","0.764","0.75","0.7","meeting"
"KR-M014-KPI-VDQ-01-202507","M014","KPI-VDQ-01","2025-07-01","0.875","0.85","0.75","meeting"
"KR-M014-KPI-SRC-02-202507","M014","KPI-SRC-02","2025-07-01","0.9412","0.9","0.85","meeting"
"KR-M014-KPI-PIT-03-202507","M014","KPI-PIT-03","2025-07-01","6","5","7","approaching"
"KR-M014-KPI-USC-04-202507","M014","KPI-USC-04","2025-07-01","0.944","0.95","0.93","approaching"
"KR-M014-KPI-ERR-05-202507","M014","KPI-ERR-05","2025-07-01","0.812","0.8","0.75","meeting"
"KR-M014-KPI-CSI-06-202507","M014","KPI-CSI-06","2025-07-01","0.764","0.75","0.7","meeting"
"KR-M014-KPI-VDQ-01-202508","M014","KPI-VDQ-01","2025-08-01","0.875","0.85","0.75","meeting"
"KR-M014-KPI-SRC-02-202508","M014","KPI-SRC-02","2025-08-01","0.9419","0.9","0.85","meeting"
"KR-M014-KPI-PIT-03-202508","M014","KPI-PIT-03","2025-08-01","6","5","7","approaching"
"KR-M014-KPI-USC-04-202508","M014","KPI-USC-04","2025-08-01","0.944","0.95","0.93","approaching"
"KR-M014-KPI-ERR-05-202508","M014","KPI-ERR-05","2025-08-01","0.812","0.8","0.75","meeting"
"KR-M014-KPI-CSI-06-202508","M014","KPI-CSI-06","2025-08-01","0.764","0.75","0.7","meeting"
"KR-M014-KPI-VDQ-01-202509","M014","KPI-VDQ-01","2025-09-01","0.875","0.85","0.75","meeting"
"KR-M014-KPI-SRC-02-202509","M014","KPI-SRC-02","2025-09-01","0.9425","0.9","0.85","meeting"
"KR-M014-KPI-PIT-03-202509","M014","KPI-PIT-03","2025-09-01","6","5","7","approaching"
"KR-M014-KPI-USC-04-202509","M014","KPI-USC-04","2025-09-01","0.944","0.95","0.93","approaching"
"KR-M014-KPI-ERR-05-202509","M014","KPI-ERR-05","2025-09-01","0.812","0.8","0.75","meeting"
"KR-M014-KPI-CSI-06-202509","M014","KPI-CSI-06","2025-09-01","0.764","0.75","0.7","meeting"
"KR-M014-KPI-VDQ-01-202510","M014","KPI-VDQ-01","2025-10-01","0.875","0.85","0.75","meeting"
"KR-M014-KPI-SRC-02-202510","M014","KPI-SRC-02","2025-10-01","0.9432","0.9","0.85","meeting"
"KR-M014-KPI-PIT-03-202510","M014","KPI-PIT-03","2025-10-01","6","5","7","approaching"
"KR-M014-KPI-USC-04-202510","M014","KPI-USC-04","2025-10-01","0.944","0.95","0.93","approaching"
"KR-M014-KPI-ERR-05-202510","M014","KPI-ERR-05","2025-10-01","0.812","0.8","0.75","meeting"
"KR-M014-KPI-CSI-06-202510","M014","KPI-CSI-06","2025-10-01","0.764","0.75","0.7","meeting"
"KR-M014-KPI-VDQ-01-202511","M014","KPI-VDQ-01","2025-11-01","0.875","0.85","0.75","meeting"
"KR-M014-KPI-SRC-02-202511","M014","KPI-SRC-02","2025-11-01","0.9438","0.9","0.85","meeting"
"KR-M014-KPI-PIT-03-202511","M014","KPI-PIT-03","2025-11-01","6","5","7","approaching"
"KR-M014-KPI-USC-04-202511","M014","KPI-USC-04","2025-11-01","0.944","0.95","0.93","approaching"
"KR-M014-KPI-ERR-05-202511","M014","KPI-ERR-05","2025-11-01","0.812","0.8","0.75","meeting"
"KR-M014-KPI-CSI-06-202511","M014","KPI-CSI-06","2025-11-01","0.764","0.75","0.7","meeting"
"KR-M014-KPI-VDQ-01-202512","M014","KPI-VDQ-01","2025-12-01","0.875","0.85","0.75","meeting"
"KR-M014-KPI-SRC-02-202512","M014","KPI-SRC-02","2025-12-01","0.9444","0.9","0.85","meeting"
"KR-M014-KPI-PIT-03-202512","M014","KPI-PIT-03","2025-12-01","6","5","7","approaching"
"KR-M014-KPI-USC-04-202512","M014","KPI-USC-04","2025-12-01","0.944","0.95","0.93","approaching"
"KR-M014-KPI-ERR-05-202512","M014","KPI-ERR-05","2025-12-01","0.812","0.8","0.75","meeting"
"KR-M014-KPI-CSI-06-202512","M014","KPI-CSI-06","2025-12-01","0.764","0.75","0.7","meeting"
"KR-M014-KPI-VDQ-01-202601","M014","KPI-VDQ-01","2026-01-01","0.875","0.85","0.75","meeting"
"KR-M014-KPI-SRC-02-202601","M014","KPI-SRC-02","2026-01-01","0.9367","0.9","0.85","meeting"
"KR-M014-KPI-PIT-03-202601","M014","KPI-PIT-03","2026-01-01","6","5","7","approaching"
"KR-M014-KPI-USC-04-202601","M014","KPI-USC-04","2026-01-01","0.944","0.95","0.93","approaching"
"KR-M014-KPI-ERR-05-202601","M014","KPI-ERR-05","2026-01-01","0.812","0.8","0.75","meeting"
"KR-M014-KPI-CSI-06-202601","M014","KPI-CSI-06","2026-01-01","0.764","0.75","0.7","meeting"
"KR-M014-KPI-VDQ-01-202602","M014","KPI-VDQ-01","2026-02-01","0.875","0.85","0.75","meeting"
"KR-M014-KPI-SRC-02-202602","M014","KPI-SRC-02","2026-02-01","0.9375","0.9","0.85","meeting"
"KR-M014-KPI-PIT-03-202602","M014","KPI-PIT-03","2026-02-01","6","5","7","approaching"
"KR-M014-KPI-USC-04-202602","M014","KPI-USC-04","2026-02-01","0.944","0.95","0.93","approaching"
"KR-M014-KPI-ERR-05-202602","M014","KPI-ERR-05","2026-02-01","0.812","0.8","0.75","meeting"
"KR-M014-KPI-CSI-06-202602","M014","KPI-CSI-06","2026-02-01","0.764","0.75","0.7","meeting"
"KR-M014-KPI-VDQ-01-202603","M014","KPI-VDQ-01","2026-03-01","0.875","0.85","0.75","meeting"
"KR-M014-KPI-SRC-02-202603","M014","KPI-SRC-02","2026-03-01","0.9383","0.9","0.85","meeting"
"KR-M014-KPI-PIT-03-202603","M014","KPI-PIT-03","2026-03-01","6","5","7","approaching"
"KR-M014-KPI-USC-04-202603","M014","KPI-USC-04","2026-03-01","0.944","0.95","0.93","approaching"
"KR-M014-KPI-ERR-05-202603","M014","KPI-ERR-05","2026-03-01","0.812","0.8","0.75","meeting"
"KR-M014-KPI-CSI-06-202603","M014","KPI-CSI-06","2026-03-01","0.764","0.75","0.7","meeting"
"KR-M014-KPI-VDQ-01-202604","M014","KPI-VDQ-01","2026-04-01","0.875","0.85","0.75","meeting"
"KR-M014-KPI-SRC-02-202604","M014","KPI-SRC-02","2026-04-01","0.939","0.9","0.85","meeting"
"KR-M014-KPI-PIT-03-202604","M014","KPI-PIT-03","2026-04-01","6","5","7","approaching"
"KR-M014-KPI-USC-04-202604","M014","KPI-USC-04","2026-04-01","0.944","0.95","0.93","approaching"
"KR-M014-KPI-ERR-05-202604","M014","KPI-ERR-05","2026-04-01","0.812","0.8","0.75","meeting"
"KR-M014-KPI-CSI-06-202604","M014","KPI-CSI-06","2026-04-01","0.764","0.75","0.7","meeting"
"KR-M014-KPI-VDQ-01-202605","M014","KPI-VDQ-01","2026-05-01","0.875","0.85","0.75","meeting"
"KR-M014-KPI-SRC-02-202605","M014","KPI-SRC-02","2026-05-01","0.9398","0.9","0.85","meeting"
"KR-M014-KPI-PIT-03-202605","M014","KPI-PIT-03","2026-05-01","6","5","7","approaching"
"KR-M014-KPI-USC-04-202605","M014","KPI-USC-04","2026-05-01","0.944","0.95","0.93","approaching"
"KR-M014-KPI-ERR-05-202605","M014","KPI-ERR-05","2026-05-01","0.812","0.8","0.75","meeting"
"KR-M014-KPI-CSI-06-202605","M014","KPI-CSI-06","2026-05-01","0.764","0.75","0.7","meeting"
"KR-M014-KPI-VDQ-01-202606","M014","KPI-VDQ-01","2026-06-01","0.875","0.85","0.75","meeting"
"KR-M014-KPI-SRC-02-202606","M014","KPI-SRC-02","2026-06-01","0.9405","0.9","0.85","meeting"
"KR-M014-KPI-PIT-03-202606","M014","KPI-PIT-03","2026-06-01","6","5","7","approaching"
"KR-M014-KPI-USC-04-202606","M014","KPI-USC-04","2026-06-01","0.944","0.95","0.93","approaching"
"KR-M014-KPI-ERR-05-202606","M014","KPI-ERR-05","2026-06-01","0.812","0.8","0.75","meeting"
"KR-M014-KPI-CSI-06-202606","M014","KPI-CSI-06","2026-06-01","0.764","0.75","0.7","meeting"
"KR-M015-KPI-VDQ-01-202501","M015","KPI-VDQ-01","2025-01-01","0.8333","0.85","0.75","approaching"
"KR-M015-KPI-SRC-02-202501","M015","KPI-SRC-02","2025-01-01","0.939","0.9","0.85","meeting"
"KR-M015-KPI-PIT-03-202501","M015","KPI-PIT-03","2025-01-01","6.3","5","7","approaching"
"KR-M015-KPI-USC-04-202501","M015","KPI-USC-04","2025-01-01","0.95","0.95","0.93","meeting"
"KR-M015-KPI-ERR-05-202501","M015","KPI-ERR-05","2025-01-01","0.808","0.8","0.75","meeting"
"KR-M015-KPI-CSI-06-202501","M015","KPI-CSI-06","2025-01-01","0.761","0.75","0.7","meeting"
"KR-M015-KPI-VDQ-01-202502","M015","KPI-VDQ-01","2025-02-01","0.8333","0.85","0.75","approaching"
"KR-M015-KPI-SRC-02-202502","M015","KPI-SRC-02","2025-02-01","0.9398","0.9","0.85","meeting"
"KR-M015-KPI-PIT-03-202502","M015","KPI-PIT-03","2025-02-01","6.3","5","7","approaching"
"KR-M015-KPI-USC-04-202502","M015","KPI-USC-04","2025-02-01","0.95","0.95","0.93","meeting"
"KR-M015-KPI-ERR-05-202502","M015","KPI-ERR-05","2025-02-01","0.808","0.8","0.75","meeting"
"KR-M015-KPI-CSI-06-202502","M015","KPI-CSI-06","2025-02-01","0.761","0.75","0.7","meeting"
"KR-M015-KPI-VDQ-01-202503","M015","KPI-VDQ-01","2025-03-01","0.8333","0.85","0.75","approaching"
"KR-M015-KPI-SRC-02-202503","M015","KPI-SRC-02","2025-03-01","0.9405","0.9","0.85","meeting"
"KR-M015-KPI-PIT-03-202503","M015","KPI-PIT-03","2025-03-01","6.3","5","7","approaching"
"KR-M015-KPI-USC-04-202503","M015","KPI-USC-04","2025-03-01","0.95","0.95","0.93","meeting"
"KR-M015-KPI-ERR-05-202503","M015","KPI-ERR-05","2025-03-01","0.808","0.8","0.75","meeting"
"KR-M015-KPI-CSI-06-202503","M015","KPI-CSI-06","2025-03-01","0.761","0.75","0.7","meeting"
"KR-M015-KPI-VDQ-01-202504","M015","KPI-VDQ-01","2025-04-01","0.8333","0.85","0.75","approaching"
"KR-M015-KPI-SRC-02-202504","M015","KPI-SRC-02","2025-04-01","0.9412","0.9","0.85","meeting"
"KR-M015-KPI-PIT-03-202504","M015","KPI-PIT-03","2025-04-01","6.3","5","7","approaching"
"KR-M015-KPI-USC-04-202504","M015","KPI-USC-04","2025-04-01","0.95","0.95","0.93","meeting"
"KR-M015-KPI-ERR-05-202504","M015","KPI-ERR-05","2025-04-01","0.808","0.8","0.75","meeting"
"KR-M015-KPI-CSI-06-202504","M015","KPI-CSI-06","2025-04-01","0.761","0.75","0.7","meeting"
"KR-M015-KPI-VDQ-01-202505","M015","KPI-VDQ-01","2025-05-01","0.8333","0.85","0.75","approaching"
"KR-M015-KPI-SRC-02-202505","M015","KPI-SRC-02","2025-05-01","0.9419","0.9","0.85","meeting"
"KR-M015-KPI-PIT-03-202505","M015","KPI-PIT-03","2025-05-01","6.3","5","7","approaching"
"KR-M015-KPI-USC-04-202505","M015","KPI-USC-04","2025-05-01","0.95","0.95","0.93","meeting"
"KR-M015-KPI-ERR-05-202505","M015","KPI-ERR-05","2025-05-01","0.808","0.8","0.75","meeting"
"KR-M015-KPI-CSI-06-202505","M015","KPI-CSI-06","2025-05-01","0.761","0.75","0.7","meeting"
"KR-M015-KPI-VDQ-01-202506","M015","KPI-VDQ-01","2025-06-01","0.8333","0.85","0.75","approaching"
"KR-M015-KPI-SRC-02-202506","M015","KPI-SRC-02","2025-06-01","0.9425","0.9","0.85","meeting"
"KR-M015-KPI-PIT-03-202506","M015","KPI-PIT-03","2025-06-01","6.3","5","7","approaching"
"KR-M015-KPI-USC-04-202506","M015","KPI-USC-04","2025-06-01","0.95","0.95","0.93","meeting"
"KR-M015-KPI-ERR-05-202506","M015","KPI-ERR-05","2025-06-01","0.808","0.8","0.75","meeting"
"KR-M015-KPI-CSI-06-202506","M015","KPI-CSI-06","2025-06-01","0.761","0.75","0.7","meeting"
"KR-M015-KPI-VDQ-01-202507","M015","KPI-VDQ-01","2025-07-01","0.8333","0.85","0.75","approaching"
"KR-M015-KPI-SRC-02-202507","M015","KPI-SRC-02","2025-07-01","0.9432","0.9","0.85","meeting"
"KR-M015-KPI-PIT-03-202507","M015","KPI-PIT-03","2025-07-01","6.3","5","7","approaching"
"KR-M015-KPI-USC-04-202507","M015","KPI-USC-04","2025-07-01","0.95","0.95","0.93","meeting"
"KR-M015-KPI-ERR-05-202507","M015","KPI-ERR-05","2025-07-01","0.808","0.8","0.75","meeting"
"KR-M015-KPI-CSI-06-202507","M015","KPI-CSI-06","2025-07-01","0.761","0.75","0.7","meeting"
"KR-M015-KPI-VDQ-01-202508","M015","KPI-VDQ-01","2025-08-01","0.8333","0.85","0.75","approaching"
"KR-M015-KPI-SRC-02-202508","M015","KPI-SRC-02","2025-08-01","0.9438","0.9","0.85","meeting"
"KR-M015-KPI-PIT-03-202508","M015","KPI-PIT-03","2025-08-01","6.3","5","7","approaching"
"KR-M015-KPI-USC-04-202508","M015","KPI-USC-04","2025-08-01","0.95","0.95","0.93","meeting"
"KR-M015-KPI-ERR-05-202508","M015","KPI-ERR-05","2025-08-01","0.808","0.8","0.75","meeting"
"KR-M015-KPI-CSI-06-202508","M015","KPI-CSI-06","2025-08-01","0.761","0.75","0.7","meeting"
"KR-M015-KPI-VDQ-01-202509","M015","KPI-VDQ-01","2025-09-01","0.8333","0.85","0.75","approaching"
"KR-M015-KPI-SRC-02-202509","M015","KPI-SRC-02","2025-09-01","0.9444","0.9","0.85","meeting"
"KR-M015-KPI-PIT-03-202509","M015","KPI-PIT-03","2025-09-01","6.3","5","7","approaching"
"KR-M015-KPI-USC-04-202509","M015","KPI-USC-04","2025-09-01","0.95","0.95","0.93","meeting"
"KR-M015-KPI-ERR-05-202509","M015","KPI-ERR-05","2025-09-01","0.808","0.8","0.75","meeting"
"KR-M015-KPI-CSI-06-202509","M015","KPI-CSI-06","2025-09-01","0.761","0.75","0.7","meeting"
"KR-M015-KPI-VDQ-01-202510","M015","KPI-VDQ-01","2025-10-01","0.8333","0.85","0.75","approaching"
"KR-M015-KPI-SRC-02-202510","M015","KPI-SRC-02","2025-10-01","0.9451","0.9","0.85","meeting"
"KR-M015-KPI-PIT-03-202510","M015","KPI-PIT-03","2025-10-01","6.3","5","7","approaching"
"KR-M015-KPI-USC-04-202510","M015","KPI-USC-04","2025-10-01","0.95","0.95","0.93","meeting"
"KR-M015-KPI-ERR-05-202510","M015","KPI-ERR-05","2025-10-01","0.808","0.8","0.75","meeting"
"KR-M015-KPI-CSI-06-202510","M015","KPI-CSI-06","2025-10-01","0.761","0.75","0.7","meeting"
"KR-M015-KPI-VDQ-01-202511","M015","KPI-VDQ-01","2025-11-01","0.8333","0.85","0.75","approaching"
"KR-M015-KPI-SRC-02-202511","M015","KPI-SRC-02","2025-11-01","0.9457","0.9","0.85","meeting"
"KR-M015-KPI-PIT-03-202511","M015","KPI-PIT-03","2025-11-01","6.3","5","7","approaching"
"KR-M015-KPI-USC-04-202511","M015","KPI-USC-04","2025-11-01","0.95","0.95","0.93","meeting"
"KR-M015-KPI-ERR-05-202511","M015","KPI-ERR-05","2025-11-01","0.808","0.8","0.75","meeting"
"KR-M015-KPI-CSI-06-202511","M015","KPI-CSI-06","2025-11-01","0.761","0.75","0.7","meeting"
"KR-M015-KPI-VDQ-01-202512","M015","KPI-VDQ-01","2025-12-01","0.8333","0.85","0.75","approaching"
"KR-M015-KPI-SRC-02-202512","M015","KPI-SRC-02","2025-12-01","0.9462","0.9","0.85","meeting"
"KR-M015-KPI-PIT-03-202512","M015","KPI-PIT-03","2025-12-01","6.3","5","7","approaching"
"KR-M015-KPI-USC-04-202512","M015","KPI-USC-04","2025-12-01","0.95","0.95","0.93","meeting"
"KR-M015-KPI-ERR-05-202512","M015","KPI-ERR-05","2025-12-01","0.808","0.8","0.75","meeting"
"KR-M015-KPI-CSI-06-202512","M015","KPI-CSI-06","2025-12-01","0.761","0.75","0.7","meeting"
"KR-M015-KPI-VDQ-01-202601","M015","KPI-VDQ-01","2026-01-01","0.8333","0.85","0.75","approaching"
"KR-M015-KPI-SRC-02-202601","M015","KPI-SRC-02","2026-01-01","0.939","0.9","0.85","meeting"
"KR-M015-KPI-PIT-03-202601","M015","KPI-PIT-03","2026-01-01","6.3","5","7","approaching"
"KR-M015-KPI-USC-04-202601","M015","KPI-USC-04","2026-01-01","0.95","0.95","0.93","meeting"
"KR-M015-KPI-ERR-05-202601","M015","KPI-ERR-05","2026-01-01","0.808","0.8","0.75","meeting"
"KR-M015-KPI-CSI-06-202601","M015","KPI-CSI-06","2026-01-01","0.761","0.75","0.7","meeting"
"KR-M015-KPI-VDQ-01-202602","M015","KPI-VDQ-01","2026-02-01","0.8333","0.85","0.75","approaching"
"KR-M015-KPI-SRC-02-202602","M015","KPI-SRC-02","2026-02-01","0.9398","0.9","0.85","meeting"
"KR-M015-KPI-PIT-03-202602","M015","KPI-PIT-03","2026-02-01","6.3","5","7","approaching"
"KR-M015-KPI-USC-04-202602","M015","KPI-USC-04","2026-02-01","0.95","0.95","0.93","meeting"
"KR-M015-KPI-ERR-05-202602","M015","KPI-ERR-05","2026-02-01","0.808","0.8","0.75","meeting"
"KR-M015-KPI-CSI-06-202602","M015","KPI-CSI-06","2026-02-01","0.761","0.75","0.7","meeting"
"KR-M015-KPI-VDQ-01-202603","M015","KPI-VDQ-01","2026-03-01","0.8333","0.85","0.75","approaching"
"KR-M015-KPI-SRC-02-202603","M015","KPI-SRC-02","2026-03-01","0.9405","0.9","0.85","meeting"
"KR-M015-KPI-PIT-03-202603","M015","KPI-PIT-03","2026-03-01","6.3","5","7","approaching"
"KR-M015-KPI-USC-04-202603","M015","KPI-USC-04","2026-03-01","0.95","0.95","0.93","meeting"
"KR-M015-KPI-ERR-05-202603","M015","KPI-ERR-05","2026-03-01","0.808","0.8","0.75","meeting"
"KR-M015-KPI-CSI-06-202603","M015","KPI-CSI-06","2026-03-01","0.761","0.75","0.7","meeting"
"KR-M015-KPI-VDQ-01-202604","M015","KPI-VDQ-01","2026-04-01","0.8333","0.85","0.75","approaching"
"KR-M015-KPI-SRC-02-202604","M015","KPI-SRC-02","2026-04-01","0.9412","0.9","0.85","meeting"
"KR-M015-KPI-PIT-03-202604","M015","KPI-PIT-03","2026-04-01","6.3","5","7","approaching"
"KR-M015-KPI-USC-04-202604","M015","KPI-USC-04","2026-04-01","0.95","0.95","0.93","meeting"
"KR-M015-KPI-ERR-05-202604","M015","KPI-ERR-05","2026-04-01","0.808","0.8","0.75","meeting"
"KR-M015-KPI-CSI-06-202604","M015","KPI-CSI-06","2026-04-01","0.761","0.75","0.7","meeting"
"KR-M015-KPI-VDQ-01-202605","M015","KPI-VDQ-01","2026-05-01","0.8333","0.85","0.75","approaching"
"KR-M015-KPI-SRC-02-202605","M015","KPI-SRC-02","2026-05-01","0.9419","0.9","0.85","meeting"
"KR-M015-KPI-PIT-03-202605","M015","KPI-PIT-03","2026-05-01","6.3","5","7","approaching"
"KR-M015-KPI-USC-04-202605","M015","KPI-USC-04","2026-05-01","0.95","0.95","0.93","meeting"
"KR-M015-KPI-ERR-05-202605","M015","KPI-ERR-05","2026-05-01","0.808","0.8","0.75","meeting"
"KR-M015-KPI-CSI-06-202605","M015","KPI-CSI-06","2026-05-01","0.761","0.75","0.7","meeting"
"KR-M015-KPI-VDQ-01-202606","M015","KPI-VDQ-01","2026-06-01","0.8333","0.85","0.75","approaching"
"KR-M015-KPI-SRC-02-202606","M015","KPI-SRC-02","2026-06-01","0.9425","0.9","0.85","meeting"
"KR-M015-KPI-PIT-03-202606","M015","KPI-PIT-03","2026-06-01","6.3","5","7","approaching"
"KR-M015-KPI-USC-04-202606","M015","KPI-USC-04","2026-06-01","0.95","0.95","0.93","meeting"
"KR-M015-KPI-ERR-05-202606","M015","KPI-ERR-05","2026-06-01","0.808","0.8","0.75","meeting"
"KR-M015-KPI-CSI-06-202606","M015","KPI-CSI-06","2026-06-01","0.761","0.75","0.7","meeting"
"KR-M016-KPI-VDQ-01-202501","M016","KPI-VDQ-01","2025-01-01","0.8462","0.85","0.75","approaching"
"KR-M016-KPI-SRC-02-202501","M016","KPI-SRC-02","2025-01-01","0.939","0.9","0.85","meeting"
"KR-M016-KPI-PIT-03-202501","M016","KPI-PIT-03","2025-01-01","5.4","5","7","approaching"
"KR-M016-KPI-USC-04-202501","M016","KPI-USC-04","2025-01-01","0.947","0.95","0.93","approaching"
"KR-M016-KPI-ERR-05-202501","M016","KPI-ERR-05","2025-01-01","0.82","0.8","0.75","meeting"
"KR-M016-KPI-CSI-06-202501","M016","KPI-CSI-06","2025-01-01","0.758","0.75","0.7","meeting"
"KR-M016-KPI-VDQ-01-202502","M016","KPI-VDQ-01","2025-02-01","0.8462","0.85","0.75","approaching"
"KR-M016-KPI-SRC-02-202502","M016","KPI-SRC-02","2025-02-01","0.9398","0.9","0.85","meeting"
"KR-M016-KPI-PIT-03-202502","M016","KPI-PIT-03","2025-02-01","5.4","5","7","approaching"
"KR-M016-KPI-USC-04-202502","M016","KPI-USC-04","2025-02-01","0.947","0.95","0.93","approaching"
"KR-M016-KPI-ERR-05-202502","M016","KPI-ERR-05","2025-02-01","0.82","0.8","0.75","meeting"
"KR-M016-KPI-CSI-06-202502","M016","KPI-CSI-06","2025-02-01","0.758","0.75","0.7","meeting"
"KR-M016-KPI-VDQ-01-202503","M016","KPI-VDQ-01","2025-03-01","0.8462","0.85","0.75","approaching"
"KR-M016-KPI-SRC-02-202503","M016","KPI-SRC-02","2025-03-01","0.9405","0.9","0.85","meeting"
"KR-M016-KPI-PIT-03-202503","M016","KPI-PIT-03","2025-03-01","5.4","5","7","approaching"
"KR-M016-KPI-USC-04-202503","M016","KPI-USC-04","2025-03-01","0.947","0.95","0.93","approaching"
"KR-M016-KPI-ERR-05-202503","M016","KPI-ERR-05","2025-03-01","0.82","0.8","0.75","meeting"
"KR-M016-KPI-CSI-06-202503","M016","KPI-CSI-06","2025-03-01","0.758","0.75","0.7","meeting"
"KR-M016-KPI-VDQ-01-202504","M016","KPI-VDQ-01","2025-04-01","0.8462","0.85","0.75","approaching"
"KR-M016-KPI-SRC-02-202504","M016","KPI-SRC-02","2025-04-01","0.9412","0.9","0.85","meeting"
"KR-M016-KPI-PIT-03-202504","M016","KPI-PIT-03","2025-04-01","5.4","5","7","approaching"
"KR-M016-KPI-USC-04-202504","M016","KPI-USC-04","2025-04-01","0.947","0.95","0.93","approaching"
"KR-M016-KPI-ERR-05-202504","M016","KPI-ERR-05","2025-04-01","0.82","0.8","0.75","meeting"
"KR-M016-KPI-CSI-06-202504","M016","KPI-CSI-06","2025-04-01","0.758","0.75","0.7","meeting"
"KR-M016-KPI-VDQ-01-202505","M016","KPI-VDQ-01","2025-05-01","0.8462","0.85","0.75","approaching"
"KR-M016-KPI-SRC-02-202505","M016","KPI-SRC-02","2025-05-01","0.9419","0.9","0.85","meeting"
"KR-M016-KPI-PIT-03-202505","M016","KPI-PIT-03","2025-05-01","5.4","5","7","approaching"
"KR-M016-KPI-USC-04-202505","M016","KPI-USC-04","2025-05-01","0.947","0.95","0.93","approaching"
"KR-M016-KPI-ERR-05-202505","M016","KPI-ERR-05","2025-05-01","0.82","0.8","0.75","meeting"
"KR-M016-KPI-CSI-06-202505","M016","KPI-CSI-06","2025-05-01","0.758","0.75","0.7","meeting"
"KR-M016-KPI-VDQ-01-202506","M016","KPI-VDQ-01","2025-06-01","0.8462","0.85","0.75","approaching"
"KR-M016-KPI-SRC-02-202506","M016","KPI-SRC-02","2025-06-01","0.9425","0.9","0.85","meeting"
"KR-M016-KPI-PIT-03-202506","M016","KPI-PIT-03","2025-06-01","5.4","5","7","approaching"
"KR-M016-KPI-USC-04-202506","M016","KPI-USC-04","2025-06-01","0.947","0.95","0.93","approaching"
"KR-M016-KPI-ERR-05-202506","M016","KPI-ERR-05","2025-06-01","0.82","0.8","0.75","meeting"
"KR-M016-KPI-CSI-06-202506","M016","KPI-CSI-06","2025-06-01","0.758","0.75","0.7","meeting"
"KR-M016-KPI-VDQ-01-202507","M016","KPI-VDQ-01","2025-07-01","0.8462","0.85","0.75","approaching"
"KR-M016-KPI-SRC-02-202507","M016","KPI-SRC-02","2025-07-01","0.9432","0.9","0.85","meeting"
"KR-M016-KPI-PIT-03-202507","M016","KPI-PIT-03","2025-07-01","5.4","5","7","approaching"
"KR-M016-KPI-USC-04-202507","M016","KPI-USC-04","2025-07-01","0.947","0.95","0.93","approaching"
"KR-M016-KPI-ERR-05-202507","M016","KPI-ERR-05","2025-07-01","0.82","0.8","0.75","meeting"
"KR-M016-KPI-CSI-06-202507","M016","KPI-CSI-06","2025-07-01","0.758","0.75","0.7","meeting"
"KR-M016-KPI-VDQ-01-202508","M016","KPI-VDQ-01","2025-08-01","0.8462","0.85","0.75","approaching"
"KR-M016-KPI-SRC-02-202508","M016","KPI-SRC-02","2025-08-01","0.9438","0.9","0.85","meeting"
"KR-M016-KPI-PIT-03-202508","M016","KPI-PIT-03","2025-08-01","5.4","5","7","approaching"
"KR-M016-KPI-USC-04-202508","M016","KPI-USC-04","2025-08-01","0.947","0.95","0.93","approaching"
"KR-M016-KPI-ERR-05-202508","M016","KPI-ERR-05","2025-08-01","0.82","0.8","0.75","meeting"
"KR-M016-KPI-CSI-06-202508","M016","KPI-CSI-06","2025-08-01","0.758","0.75","0.7","meeting"
"KR-M016-KPI-VDQ-01-202509","M016","KPI-VDQ-01","2025-09-01","0.8462","0.85","0.75","approaching"
"KR-M016-KPI-SRC-02-202509","M016","KPI-SRC-02","2025-09-01","0.9444","0.9","0.85","meeting"
"KR-M016-KPI-PIT-03-202509","M016","KPI-PIT-03","2025-09-01","5.4","5","7","approaching"
"KR-M016-KPI-USC-04-202509","M016","KPI-USC-04","2025-09-01","0.947","0.95","0.93","approaching"
"KR-M016-KPI-ERR-05-202509","M016","KPI-ERR-05","2025-09-01","0.82","0.8","0.75","meeting"
"KR-M016-KPI-CSI-06-202509","M016","KPI-CSI-06","2025-09-01","0.758","0.75","0.7","meeting"
"KR-M016-KPI-VDQ-01-202510","M016","KPI-VDQ-01","2025-10-01","0.8462","0.85","0.75","approaching"
"KR-M016-KPI-SRC-02-202510","M016","KPI-SRC-02","2025-10-01","0.9451","0.9","0.85","meeting"
"KR-M016-KPI-PIT-03-202510","M016","KPI-PIT-03","2025-10-01","5.4","5","7","approaching"
"KR-M016-KPI-USC-04-202510","M016","KPI-USC-04","2025-10-01","0.947","0.95","0.93","approaching"
"KR-M016-KPI-ERR-05-202510","M016","KPI-ERR-05","2025-10-01","0.82","0.8","0.75","meeting"
"KR-M016-KPI-CSI-06-202510","M016","KPI-CSI-06","2025-10-01","0.758","0.75","0.7","meeting"
"KR-M016-KPI-VDQ-01-202511","M016","KPI-VDQ-01","2025-11-01","0.8462","0.85","0.75","approaching"
"KR-M016-KPI-SRC-02-202511","M016","KPI-SRC-02","2025-11-01","0.9457","0.9","0.85","meeting"
"KR-M016-KPI-PIT-03-202511","M016","KPI-PIT-03","2025-11-01","5.4","5","7","approaching"
"KR-M016-KPI-USC-04-202511","M016","KPI-USC-04","2025-11-01","0.947","0.95","0.93","approaching"
"KR-M016-KPI-ERR-05-202511","M016","KPI-ERR-05","2025-11-01","0.82","0.8","0.75","meeting"
"KR-M016-KPI-CSI-06-202511","M016","KPI-CSI-06","2025-11-01","0.758","0.75","0.7","meeting"
"KR-M016-KPI-VDQ-01-202512","M016","KPI-VDQ-01","2025-12-01","0.8462","0.85","0.75","approaching"
"KR-M016-KPI-SRC-02-202512","M016","KPI-SRC-02","2025-12-01","0.9462","0.9","0.85","meeting"
"KR-M016-KPI-PIT-03-202512","M016","KPI-PIT-03","2025-12-01","5.4","5","7","approaching"
"KR-M016-KPI-USC-04-202512","M016","KPI-USC-04","2025-12-01","0.947","0.95","0.93","approaching"
"KR-M016-KPI-ERR-05-202512","M016","KPI-ERR-05","2025-12-01","0.82","0.8","0.75","meeting"
"KR-M016-KPI-CSI-06-202512","M016","KPI-CSI-06","2025-12-01","0.758","0.75","0.7","meeting"
"KR-M016-KPI-VDQ-01-202601","M016","KPI-VDQ-01","2026-01-01","0.8462","0.85","0.75","approaching"
"KR-M016-KPI-SRC-02-202601","M016","KPI-SRC-02","2026-01-01","0.939","0.9","0.85","meeting"
"KR-M016-KPI-PIT-03-202601","M016","KPI-PIT-03","2026-01-01","5.4","5","7","approaching"
"KR-M016-KPI-USC-04-202601","M016","KPI-USC-04","2026-01-01","0.947","0.95","0.93","approaching"
"KR-M016-KPI-ERR-05-202601","M016","KPI-ERR-05","2026-01-01","0.82","0.8","0.75","meeting"
"KR-M016-KPI-CSI-06-202601","M016","KPI-CSI-06","2026-01-01","0.758","0.75","0.7","meeting"
"KR-M016-KPI-VDQ-01-202602","M016","KPI-VDQ-01","2026-02-01","0.8462","0.85","0.75","approaching"
"KR-M016-KPI-SRC-02-202602","M016","KPI-SRC-02","2026-02-01","0.9398","0.9","0.85","meeting"
"KR-M016-KPI-PIT-03-202602","M016","KPI-PIT-03","2026-02-01","5.4","5","7","approaching"
"KR-M016-KPI-USC-04-202602","M016","KPI-USC-04","2026-02-01","0.947","0.95","0.93","approaching"
"KR-M016-KPI-ERR-05-202602","M016","KPI-ERR-05","2026-02-01","0.82","0.8","0.75","meeting"
"KR-M016-KPI-CSI-06-202602","M016","KPI-CSI-06","2026-02-01","0.758","0.75","0.7","meeting"
"KR-M016-KPI-VDQ-01-202603","M016","KPI-VDQ-01","2026-03-01","0.8462","0.85","0.75","approaching"
"KR-M016-KPI-SRC-02-202603","M016","KPI-SRC-02","2026-03-01","0.9405","0.9","0.85","meeting"
"KR-M016-KPI-PIT-03-202603","M016","KPI-PIT-03","2026-03-01","5.4","5","7","approaching"
"KR-M016-KPI-USC-04-202603","M016","KPI-USC-04","2026-03-01","0.947","0.95","0.93","approaching"
"KR-M016-KPI-ERR-05-202603","M016","KPI-ERR-05","2026-03-01","0.82","0.8","0.75","meeting"
"KR-M016-KPI-CSI-06-202603","M016","KPI-CSI-06","2026-03-01","0.758","0.75","0.7","meeting"
"KR-M016-KPI-VDQ-01-202604","M016","KPI-VDQ-01","2026-04-01","0.8462","0.85","0.75","approaching"
"KR-M016-KPI-SRC-02-202604","M016","KPI-SRC-02","2026-04-01","0.9412","0.9","0.85","meeting"
"KR-M016-KPI-PIT-03-202604","M016","KPI-PIT-03","2026-04-01","5.4","5","7","approaching"
"KR-M016-KPI-USC-04-202604","M016","KPI-USC-04","2026-04-01","0.947","0.95","0.93","approaching"
"KR-M016-KPI-ERR-05-202604","M016","KPI-ERR-05","2026-04-01","0.82","0.8","0.75","meeting"
"KR-M016-KPI-CSI-06-202604","M016","KPI-CSI-06","2026-04-01","0.758","0.75","0.7","meeting"
"KR-M016-KPI-VDQ-01-202605","M016","KPI-VDQ-01","2026-05-01","0.8462","0.85","0.75","approaching"
"KR-M016-KPI-SRC-02-202605","M016","KPI-SRC-02","2026-05-01","0.9419","0.9","0.85","meeting"
"KR-M016-KPI-PIT-03-202605","M016","KPI-PIT-03","2026-05-01","5.4","5","7","approaching"
"KR-M016-KPI-USC-04-202605","M016","KPI-USC-04","2026-05-01","0.947","0.95","0.93","approaching"
"KR-M016-KPI-ERR-05-202605","M016","KPI-ERR-05","2026-05-01","0.82","0.8","0.75","meeting"
"KR-M016-KPI-CSI-06-202605","M016","KPI-CSI-06","2026-05-01","0.758","0.75","0.7","meeting"
"KR-M016-KPI-VDQ-01-202606","M016","KPI-VDQ-01","2026-06-01","0.8462","0.85","0.75","approaching"
"KR-M016-KPI-SRC-02-202606","M016","KPI-SRC-02","2026-06-01","0.9425","0.9","0.85","meeting"
"KR-M016-KPI-PIT-03-202606","M016","KPI-PIT-03","2026-06-01","5.4","5","7","approaching"
"KR-M016-KPI-USC-04-202606","M016","KPI-USC-04","2026-06-01","0.947","0.95","0.93","approaching"
"KR-M016-KPI-ERR-05-202606","M016","KPI-ERR-05","2026-06-01","0.82","0.8","0.75","meeting"
"KR-M016-KPI-CSI-06-202606","M016","KPI-CSI-06","2026-06-01","0.758","0.75","0.7","meeting"
"KR-M017-KPI-VDQ-01-202501","M017","KPI-VDQ-01","2025-01-01","0.8571","0.85","0.75","meeting"
"KR-M017-KPI-SRC-02-202501","M017","KPI-SRC-02","2025-01-01","0.939","0.9","0.85","meeting"
"KR-M017-KPI-PIT-03-202501","M017","KPI-PIT-03","2025-01-01","5.7","5","7","approaching"
"KR-M017-KPI-USC-04-202501","M017","KPI-USC-04","2025-01-01","0.944","0.95","0.93","approaching"
"KR-M017-KPI-ERR-05-202501","M017","KPI-ERR-05","2025-01-01","0.816","0.8","0.75","meeting"
"KR-M017-KPI-CSI-06-202501","M017","KPI-CSI-06","2025-01-01","0.755","0.75","0.7","meeting"
"KR-M017-KPI-VDQ-01-202502","M017","KPI-VDQ-01","2025-02-01","0.8571","0.85","0.75","meeting"
"KR-M017-KPI-SRC-02-202502","M017","KPI-SRC-02","2025-02-01","0.9398","0.9","0.85","meeting"
"KR-M017-KPI-PIT-03-202502","M017","KPI-PIT-03","2025-02-01","5.7","5","7","approaching"
"KR-M017-KPI-USC-04-202502","M017","KPI-USC-04","2025-02-01","0.944","0.95","0.93","approaching"
"KR-M017-KPI-ERR-05-202502","M017","KPI-ERR-05","2025-02-01","0.816","0.8","0.75","meeting"
"KR-M017-KPI-CSI-06-202502","M017","KPI-CSI-06","2025-02-01","0.755","0.75","0.7","meeting"
"KR-M017-KPI-VDQ-01-202503","M017","KPI-VDQ-01","2025-03-01","0.8571","0.85","0.75","meeting"
"KR-M017-KPI-SRC-02-202503","M017","KPI-SRC-02","2025-03-01","0.9405","0.9","0.85","meeting"
"KR-M017-KPI-PIT-03-202503","M017","KPI-PIT-03","2025-03-01","5.7","5","7","approaching"
"KR-M017-KPI-USC-04-202503","M017","KPI-USC-04","2025-03-01","0.944","0.95","0.93","approaching"
"KR-M017-KPI-ERR-05-202503","M017","KPI-ERR-05","2025-03-01","0.816","0.8","0.75","meeting"
"KR-M017-KPI-CSI-06-202503","M017","KPI-CSI-06","2025-03-01","0.755","0.75","0.7","meeting"
"KR-M017-KPI-VDQ-01-202504","M017","KPI-VDQ-01","2025-04-01","0.8571","0.85","0.75","meeting"
"KR-M017-KPI-SRC-02-202504","M017","KPI-SRC-02","2025-04-01","0.9412","0.9","0.85","meeting"
"KR-M017-KPI-PIT-03-202504","M017","KPI-PIT-03","2025-04-01","5.7","5","7","approaching"
"KR-M017-KPI-USC-04-202504","M017","KPI-USC-04","2025-04-01","0.944","0.95","0.93","approaching"
"KR-M017-KPI-ERR-05-202504","M017","KPI-ERR-05","2025-04-01","0.816","0.8","0.75","meeting"
"KR-M017-KPI-CSI-06-202504","M017","KPI-CSI-06","2025-04-01","0.755","0.75","0.7","meeting"
"KR-M017-KPI-VDQ-01-202505","M017","KPI-VDQ-01","2025-05-01","0.8571","0.85","0.75","meeting"
"KR-M017-KPI-SRC-02-202505","M017","KPI-SRC-02","2025-05-01","0.9419","0.9","0.85","meeting"
"KR-M017-KPI-PIT-03-202505","M017","KPI-PIT-03","2025-05-01","5.7","5","7","approaching"
"KR-M017-KPI-USC-04-202505","M017","KPI-USC-04","2025-05-01","0.944","0.95","0.93","approaching"
"KR-M017-KPI-ERR-05-202505","M017","KPI-ERR-05","2025-05-01","0.816","0.8","0.75","meeting"
"KR-M017-KPI-CSI-06-202505","M017","KPI-CSI-06","2025-05-01","0.755","0.75","0.7","meeting"
"KR-M017-KPI-VDQ-01-202506","M017","KPI-VDQ-01","2025-06-01","0.8571","0.85","0.75","meeting"
"KR-M017-KPI-SRC-02-202506","M017","KPI-SRC-02","2025-06-01","0.9425","0.9","0.85","meeting"
"KR-M017-KPI-PIT-03-202506","M017","KPI-PIT-03","2025-06-01","5.7","5","7","approaching"
"KR-M017-KPI-USC-04-202506","M017","KPI-USC-04","2025-06-01","0.944","0.95","0.93","approaching"
"KR-M017-KPI-ERR-05-202506","M017","KPI-ERR-05","2025-06-01","0.816","0.8","0.75","meeting"
"KR-M017-KPI-CSI-06-202506","M017","KPI-CSI-06","2025-06-01","0.755","0.75","0.7","meeting"
"KR-M017-KPI-VDQ-01-202507","M017","KPI-VDQ-01","2025-07-01","0.8571","0.85","0.75","meeting"
"KR-M017-KPI-SRC-02-202507","M017","KPI-SRC-02","2025-07-01","0.9432","0.9","0.85","meeting"
"KR-M017-KPI-PIT-03-202507","M017","KPI-PIT-03","2025-07-01","5.7","5","7","approaching"
"KR-M017-KPI-USC-04-202507","M017","KPI-USC-04","2025-07-01","0.944","0.95","0.93","approaching"
"KR-M017-KPI-ERR-05-202507","M017","KPI-ERR-05","2025-07-01","0.816","0.8","0.75","meeting"
"KR-M017-KPI-CSI-06-202507","M017","KPI-CSI-06","2025-07-01","0.755","0.75","0.7","meeting"
"KR-M017-KPI-VDQ-01-202508","M017","KPI-VDQ-01","2025-08-01","0.8571","0.85","0.75","meeting"
"KR-M017-KPI-SRC-02-202508","M017","KPI-SRC-02","2025-08-01","0.9438","0.9","0.85","meeting"
"KR-M017-KPI-PIT-03-202508","M017","KPI-PIT-03","2025-08-01","5.7","5","7","approaching"
"KR-M017-KPI-USC-04-202508","M017","KPI-USC-04","2025-08-01","0.944","0.95","0.93","approaching"
"KR-M017-KPI-ERR-05-202508","M017","KPI-ERR-05","2025-08-01","0.816","0.8","0.75","meeting"
"KR-M017-KPI-CSI-06-202508","M017","KPI-CSI-06","2025-08-01","0.755","0.75","0.7","meeting"
"KR-M017-KPI-VDQ-01-202509","M017","KPI-VDQ-01","2025-09-01","0.8571","0.85","0.75","meeting"
"KR-M017-KPI-SRC-02-202509","M017","KPI-SRC-02","2025-09-01","0.9444","0.9","0.85","meeting"
"KR-M017-KPI-PIT-03-202509","M017","KPI-PIT-03","2025-09-01","5.7","5","7","approaching"
"KR-M017-KPI-USC-04-202509","M017","KPI-USC-04","2025-09-01","0.944","0.95","0.93","approaching"
"KR-M017-KPI-ERR-05-202509","M017","KPI-ERR-05","2025-09-01","0.816","0.8","0.75","meeting"
"KR-M017-KPI-CSI-06-202509","M017","KPI-CSI-06","2025-09-01","0.755","0.75","0.7","meeting"
"KR-M017-KPI-VDQ-01-202510","M017","KPI-VDQ-01","2025-10-01","0.8571","0.85","0.75","meeting"
"KR-M017-KPI-SRC-02-202510","M017","KPI-SRC-02","2025-10-01","0.9451","0.9","0.85","meeting"
"KR-M017-KPI-PIT-03-202510","M017","KPI-PIT-03","2025-10-01","5.7","5","7","approaching"
"KR-M017-KPI-USC-04-202510","M017","KPI-USC-04","2025-10-01","0.944","0.95","0.93","approaching"
"KR-M017-KPI-ERR-05-202510","M017","KPI-ERR-05","2025-10-01","0.816","0.8","0.75","meeting"
"KR-M017-KPI-CSI-06-202510","M017","KPI-CSI-06","2025-10-01","0.755","0.75","0.7","meeting"
"KR-M017-KPI-VDQ-01-202511","M017","KPI-VDQ-01","2025-11-01","0.8571","0.85","0.75","meeting"
"KR-M017-KPI-SRC-02-202511","M017","KPI-SRC-02","2025-11-01","0.9457","0.9","0.85","meeting"
"KR-M017-KPI-PIT-03-202511","M017","KPI-PIT-03","2025-11-01","5.7","5","7","approaching"
"KR-M017-KPI-USC-04-202511","M017","KPI-USC-04","2025-11-01","0.944","0.95","0.93","approaching"
"KR-M017-KPI-ERR-05-202511","M017","KPI-ERR-05","2025-11-01","0.816","0.8","0.75","meeting"
"KR-M017-KPI-CSI-06-202511","M017","KPI-CSI-06","2025-11-01","0.755","0.75","0.7","meeting"
"KR-M017-KPI-VDQ-01-202512","M017","KPI-VDQ-01","2025-12-01","0.8571","0.85","0.75","meeting"
"KR-M017-KPI-SRC-02-202512","M017","KPI-SRC-02","2025-12-01","0.9462","0.9","0.85","meeting"
"KR-M017-KPI-PIT-03-202512","M017","KPI-PIT-03","2025-12-01","5.7","5","7","approaching"
"KR-M017-KPI-USC-04-202512","M017","KPI-USC-04","2025-12-01","0.944","0.95","0.93","approaching"
"KR-M017-KPI-ERR-05-202512","M017","KPI-ERR-05","2025-12-01","0.816","0.8","0.75","meeting"
"KR-M017-KPI-CSI-06-202512","M017","KPI-CSI-06","2025-12-01","0.755","0.75","0.7","meeting"
"KR-M017-KPI-VDQ-01-202601","M017","KPI-VDQ-01","2026-01-01","0.8571","0.85","0.75","meeting"
"KR-M017-KPI-SRC-02-202601","M017","KPI-SRC-02","2026-01-01","0.939","0.9","0.85","meeting"
"KR-M017-KPI-PIT-03-202601","M017","KPI-PIT-03","2026-01-01","5.7","5","7","approaching"
"KR-M017-KPI-USC-04-202601","M017","KPI-USC-04","2026-01-01","0.944","0.95","0.93","approaching"
"KR-M017-KPI-ERR-05-202601","M017","KPI-ERR-05","2026-01-01","0.816","0.8","0.75","meeting"
"KR-M017-KPI-CSI-06-202601","M017","KPI-CSI-06","2026-01-01","0.755","0.75","0.7","meeting"
"KR-M017-KPI-VDQ-01-202602","M017","KPI-VDQ-01","2026-02-01","0.8571","0.85","0.75","meeting"
"KR-M017-KPI-SRC-02-202602","M017","KPI-SRC-02","2026-02-01","0.9398","0.9","0.85","meeting"
"KR-M017-KPI-PIT-03-202602","M017","KPI-PIT-03","2026-02-01","5.7","5","7","approaching"
"KR-M017-KPI-USC-04-202602","M017","KPI-USC-04","2026-02-01","0.944","0.95","0.93","approaching"
"KR-M017-KPI-ERR-05-202602","M017","KPI-ERR-05","2026-02-01","0.816","0.8","0.75","meeting"
"KR-M017-KPI-CSI-06-202602","M017","KPI-CSI-06","2026-02-01","0.755","0.75","0.7","meeting"
"KR-M017-KPI-VDQ-01-202603","M017","KPI-VDQ-01","2026-03-01","0.8571","0.85","0.75","meeting"
"KR-M017-KPI-SRC-02-202603","M017","KPI-SRC-02","2026-03-01","0.9405","0.9","0.85","meeting"
"KR-M017-KPI-PIT-03-202603","M017","KPI-PIT-03","2026-03-01","5.7","5","7","approaching"
"KR-M017-KPI-USC-04-202603","M017","KPI-USC-04","2026-03-01","0.944","0.95","0.93","approaching"
"KR-M017-KPI-ERR-05-202603","M017","KPI-ERR-05","2026-03-01","0.816","0.8","0.75","meeting"
"KR-M017-KPI-CSI-06-202603","M017","KPI-CSI-06","2026-03-01","0.755","0.75","0.7","meeting"
"KR-M017-KPI-VDQ-01-202604","M017","KPI-VDQ-01","2026-04-01","0.8571","0.85","0.75","meeting"
"KR-M017-KPI-SRC-02-202604","M017","KPI-SRC-02","2026-04-01","0.9412","0.9","0.85","meeting"
"KR-M017-KPI-PIT-03-202604","M017","KPI-PIT-03","2026-04-01","5.7","5","7","approaching"
"KR-M017-KPI-USC-04-202604","M017","KPI-USC-04","2026-04-01","0.944","0.95","0.93","approaching"
"KR-M017-KPI-ERR-05-202604","M017","KPI-ERR-05","2026-04-01","0.816","0.8","0.75","meeting"
"KR-M017-KPI-CSI-06-202604","M017","KPI-CSI-06","2026-04-01","0.755","0.75","0.7","meeting"
"KR-M017-KPI-VDQ-01-202605","M017","KPI-VDQ-01","2026-05-01","0.8571","0.85","0.75","meeting"
"KR-M017-KPI-SRC-02-202605","M017","KPI-SRC-02","2026-05-01","0.9419","0.9","0.85","meeting"
"KR-M017-KPI-PIT-03-202605","M017","KPI-PIT-03","2026-05-01","5.7","5","7","approaching"
"KR-M017-KPI-USC-04-202605","M017","KPI-USC-04","2026-05-01","0.944","0.95","0.93","approaching"
"KR-M017-KPI-ERR-05-202605","M017","KPI-ERR-05","2026-05-01","0.816","0.8","0.75","meeting"
"KR-M017-KPI-CSI-06-202605","M017","KPI-CSI-06","2026-05-01","0.755","0.75","0.7","meeting"
"KR-M017-KPI-VDQ-01-202606","M017","KPI-VDQ-01","2026-06-01","0.8571","0.85","0.75","meeting"
"KR-M017-KPI-SRC-02-202606","M017","KPI-SRC-02","2026-06-01","0.9425","0.9","0.85","meeting"
"KR-M017-KPI-PIT-03-202606","M017","KPI-PIT-03","2026-06-01","5.7","5","7","approaching"
"KR-M017-KPI-USC-04-202606","M017","KPI-USC-04","2026-06-01","0.944","0.95","0.93","approaching"
"KR-M017-KPI-ERR-05-202606","M017","KPI-ERR-05","2026-06-01","0.816","0.8","0.75","meeting"
"KR-M017-KPI-CSI-06-202606","M017","KPI-CSI-06","2026-06-01","0.755","0.75","0.7","meeting"
"KR-M018-KPI-VDQ-01-202501","M018","KPI-VDQ-01","2025-01-01","0.8667","0.85","0.75","meeting"
"KR-M018-KPI-SRC-02-202501","M018","KPI-SRC-02","2025-01-01","0.9412","0.9","0.85","meeting"
"KR-M018-KPI-PIT-03-202501","M018","KPI-PIT-03","2025-01-01","6","5","7","approaching"
"KR-M018-KPI-USC-04-202501","M018","KPI-USC-04","2025-01-01","0.95","0.95","0.93","meeting"
"KR-M018-KPI-ERR-05-202501","M018","KPI-ERR-05","2025-01-01","0.812","0.8","0.75","meeting"
"KR-M018-KPI-CSI-06-202501","M018","KPI-CSI-06","2025-01-01","0.77","0.75","0.7","meeting"
"KR-M018-KPI-VDQ-01-202502","M018","KPI-VDQ-01","2025-02-01","0.8667","0.85","0.75","meeting"
"KR-M018-KPI-SRC-02-202502","M018","KPI-SRC-02","2025-02-01","0.9419","0.9","0.85","meeting"
"KR-M018-KPI-PIT-03-202502","M018","KPI-PIT-03","2025-02-01","6","5","7","approaching"
"KR-M018-KPI-USC-04-202502","M018","KPI-USC-04","2025-02-01","0.95","0.95","0.93","meeting"
"KR-M018-KPI-ERR-05-202502","M018","KPI-ERR-05","2025-02-01","0.812","0.8","0.75","meeting"
"KR-M018-KPI-CSI-06-202502","M018","KPI-CSI-06","2025-02-01","0.77","0.75","0.7","meeting"
"KR-M018-KPI-VDQ-01-202503","M018","KPI-VDQ-01","2025-03-01","0.8667","0.85","0.75","meeting"
"KR-M018-KPI-SRC-02-202503","M018","KPI-SRC-02","2025-03-01","0.9425","0.9","0.85","meeting"
"KR-M018-KPI-PIT-03-202503","M018","KPI-PIT-03","2025-03-01","6","5","7","approaching"
"KR-M018-KPI-USC-04-202503","M018","KPI-USC-04","2025-03-01","0.95","0.95","0.93","meeting"
"KR-M018-KPI-ERR-05-202503","M018","KPI-ERR-05","2025-03-01","0.812","0.8","0.75","meeting"
"KR-M018-KPI-CSI-06-202503","M018","KPI-CSI-06","2025-03-01","0.77","0.75","0.7","meeting"
"KR-M018-KPI-VDQ-01-202504","M018","KPI-VDQ-01","2025-04-01","0.8667","0.85","0.75","meeting"
"KR-M018-KPI-SRC-02-202504","M018","KPI-SRC-02","2025-04-01","0.9432","0.9","0.85","meeting"
"KR-M018-KPI-PIT-03-202504","M018","KPI-PIT-03","2025-04-01","6","5","7","approaching"
"KR-M018-KPI-USC-04-202504","M018","KPI-USC-04","2025-04-01","0.95","0.95","0.93","meeting"
"KR-M018-KPI-ERR-05-202504","M018","KPI-ERR-05","2025-04-01","0.812","0.8","0.75","meeting"
"KR-M018-KPI-CSI-06-202504","M018","KPI-CSI-06","2025-04-01","0.77","0.75","0.7","meeting"
"KR-M018-KPI-VDQ-01-202505","M018","KPI-VDQ-01","2025-05-01","0.8667","0.85","0.75","meeting"
"KR-M018-KPI-SRC-02-202505","M018","KPI-SRC-02","2025-05-01","0.9438","0.9","0.85","meeting"
"KR-M018-KPI-PIT-03-202505","M018","KPI-PIT-03","2025-05-01","6","5","7","approaching"
"KR-M018-KPI-USC-04-202505","M018","KPI-USC-04","2025-05-01","0.95","0.95","0.93","meeting"
"KR-M018-KPI-ERR-05-202505","M018","KPI-ERR-05","2025-05-01","0.812","0.8","0.75","meeting"
"KR-M018-KPI-CSI-06-202505","M018","KPI-CSI-06","2025-05-01","0.77","0.75","0.7","meeting"
"KR-M018-KPI-VDQ-01-202506","M018","KPI-VDQ-01","2025-06-01","0.8667","0.85","0.75","meeting"
"KR-M018-KPI-SRC-02-202506","M018","KPI-SRC-02","2025-06-01","0.9444","0.9","0.85","meeting"
"KR-M018-KPI-PIT-03-202506","M018","KPI-PIT-03","2025-06-01","6","5","7","approaching"
"KR-M018-KPI-USC-04-202506","M018","KPI-USC-04","2025-06-01","0.95","0.95","0.93","meeting"
"KR-M018-KPI-ERR-05-202506","M018","KPI-ERR-05","2025-06-01","0.812","0.8","0.75","meeting"
"KR-M018-KPI-CSI-06-202506","M018","KPI-CSI-06","2025-06-01","0.77","0.75","0.7","meeting"
"KR-M018-KPI-VDQ-01-202507","M018","KPI-VDQ-01","2025-07-01","0.8667","0.85","0.75","meeting"
"KR-M018-KPI-SRC-02-202507","M018","KPI-SRC-02","2025-07-01","0.9451","0.9","0.85","meeting"
"KR-M018-KPI-PIT-03-202507","M018","KPI-PIT-03","2025-07-01","6","5","7","approaching"
"KR-M018-KPI-USC-04-202507","M018","KPI-USC-04","2025-07-01","0.95","0.95","0.93","meeting"
"KR-M018-KPI-ERR-05-202507","M018","KPI-ERR-05","2025-07-01","0.812","0.8","0.75","meeting"
"KR-M018-KPI-CSI-06-202507","M018","KPI-CSI-06","2025-07-01","0.77","0.75","0.7","meeting"
"KR-M018-KPI-VDQ-01-202508","M018","KPI-VDQ-01","2025-08-01","0.8667","0.85","0.75","meeting"
"KR-M018-KPI-SRC-02-202508","M018","KPI-SRC-02","2025-08-01","0.9457","0.9","0.85","meeting"
"KR-M018-KPI-PIT-03-202508","M018","KPI-PIT-03","2025-08-01","6","5","7","approaching"
"KR-M018-KPI-USC-04-202508","M018","KPI-USC-04","2025-08-01","0.95","0.95","0.93","meeting"
"KR-M018-KPI-ERR-05-202508","M018","KPI-ERR-05","2025-08-01","0.812","0.8","0.75","meeting"
"KR-M018-KPI-CSI-06-202508","M018","KPI-CSI-06","2025-08-01","0.77","0.75","0.7","meeting"
"KR-M018-KPI-VDQ-01-202509","M018","KPI-VDQ-01","2025-09-01","0.8667","0.85","0.75","meeting"
"KR-M018-KPI-SRC-02-202509","M018","KPI-SRC-02","2025-09-01","0.9462","0.9","0.85","meeting"
"KR-M018-KPI-PIT-03-202509","M018","KPI-PIT-03","2025-09-01","6","5","7","approaching"
"KR-M018-KPI-USC-04-202509","M018","KPI-USC-04","2025-09-01","0.95","0.95","0.93","meeting"
"KR-M018-KPI-ERR-05-202509","M018","KPI-ERR-05","2025-09-01","0.812","0.8","0.75","meeting"
"KR-M018-KPI-CSI-06-202509","M018","KPI-CSI-06","2025-09-01","0.77","0.75","0.7","meeting"
"KR-M018-KPI-VDQ-01-202510","M018","KPI-VDQ-01","2025-10-01","0.8667","0.85","0.75","meeting"
"KR-M018-KPI-SRC-02-202510","M018","KPI-SRC-02","2025-10-01","0.9468","0.9","0.85","meeting"
"KR-M018-KPI-PIT-03-202510","M018","KPI-PIT-03","2025-10-01","6","5","7","approaching"
"KR-M018-KPI-USC-04-202510","M018","KPI-USC-04","2025-10-01","0.95","0.95","0.93","meeting"
"KR-M018-KPI-ERR-05-202510","M018","KPI-ERR-05","2025-10-01","0.812","0.8","0.75","meeting"
"KR-M018-KPI-CSI-06-202510","M018","KPI-CSI-06","2025-10-01","0.77","0.75","0.7","meeting"
"KR-M018-KPI-VDQ-01-202511","M018","KPI-VDQ-01","2025-11-01","0.8667","0.85","0.75","meeting"
"KR-M018-KPI-SRC-02-202511","M018","KPI-SRC-02","2025-11-01","0.9474","0.9","0.85","meeting"
"KR-M018-KPI-PIT-03-202511","M018","KPI-PIT-03","2025-11-01","6","5","7","approaching"
"KR-M018-KPI-USC-04-202511","M018","KPI-USC-04","2025-11-01","0.95","0.95","0.93","meeting"
"KR-M018-KPI-ERR-05-202511","M018","KPI-ERR-05","2025-11-01","0.812","0.8","0.75","meeting"
"KR-M018-KPI-CSI-06-202511","M018","KPI-CSI-06","2025-11-01","0.77","0.75","0.7","meeting"
"KR-M018-KPI-VDQ-01-202512","M018","KPI-VDQ-01","2025-12-01","0.8667","0.85","0.75","meeting"
"KR-M018-KPI-SRC-02-202512","M018","KPI-SRC-02","2025-12-01","0.9479","0.9","0.85","meeting"
"KR-M018-KPI-PIT-03-202512","M018","KPI-PIT-03","2025-12-01","6","5","7","approaching"
"KR-M018-KPI-USC-04-202512","M018","KPI-USC-04","2025-12-01","0.95","0.95","0.93","meeting"
"KR-M018-KPI-ERR-05-202512","M018","KPI-ERR-05","2025-12-01","0.812","0.8","0.75","meeting"
"KR-M018-KPI-CSI-06-202512","M018","KPI-CSI-06","2025-12-01","0.77","0.75","0.7","meeting"
"KR-M018-KPI-VDQ-01-202601","M018","KPI-VDQ-01","2026-01-01","0.8667","0.85","0.75","meeting"
"KR-M018-KPI-SRC-02-202601","M018","KPI-SRC-02","2026-01-01","0.9412","0.9","0.85","meeting"
"KR-M018-KPI-PIT-03-202601","M018","KPI-PIT-03","2026-01-01","6","5","7","approaching"
"KR-M018-KPI-USC-04-202601","M018","KPI-USC-04","2026-01-01","0.95","0.95","0.93","meeting"
"KR-M018-KPI-ERR-05-202601","M018","KPI-ERR-05","2026-01-01","0.812","0.8","0.75","meeting"
"KR-M018-KPI-CSI-06-202601","M018","KPI-CSI-06","2026-01-01","0.77","0.75","0.7","meeting"
"KR-M018-KPI-VDQ-01-202602","M018","KPI-VDQ-01","2026-02-01","0.8667","0.85","0.75","meeting"
"KR-M018-KPI-SRC-02-202602","M018","KPI-SRC-02","2026-02-01","0.9419","0.9","0.85","meeting"
"KR-M018-KPI-PIT-03-202602","M018","KPI-PIT-03","2026-02-01","6","5","7","approaching"
"KR-M018-KPI-USC-04-202602","M018","KPI-USC-04","2026-02-01","0.95","0.95","0.93","meeting"
"KR-M018-KPI-ERR-05-202602","M018","KPI-ERR-05","2026-02-01","0.812","0.8","0.75","meeting"
"KR-M018-KPI-CSI-06-202602","M018","KPI-CSI-06","2026-02-01","0.77","0.75","0.7","meeting"
"KR-M018-KPI-VDQ-01-202603","M018","KPI-VDQ-01","2026-03-01","0.8667","0.85","0.75","meeting"
"KR-M018-KPI-SRC-02-202603","M018","KPI-SRC-02","2026-03-01","0.9425","0.9","0.85","meeting"
"KR-M018-KPI-PIT-03-202603","M018","KPI-PIT-03","2026-03-01","6","5","7","approaching"
"KR-M018-KPI-USC-04-202603","M018","KPI-USC-04","2026-03-01","0.95","0.95","0.93","meeting"
"KR-M018-KPI-ERR-05-202603","M018","KPI-ERR-05","2026-03-01","0.812","0.8","0.75","meeting"
"KR-M018-KPI-CSI-06-202603","M018","KPI-CSI-06","2026-03-01","0.77","0.75","0.7","meeting"
"KR-M018-KPI-VDQ-01-202604","M018","KPI-VDQ-01","2026-04-01","0.8667","0.85","0.75","meeting"
"KR-M018-KPI-SRC-02-202604","M018","KPI-SRC-02","2026-04-01","0.9432","0.9","0.85","meeting"
"KR-M018-KPI-PIT-03-202604","M018","KPI-PIT-03","2026-04-01","6","5","7","approaching"
"KR-M018-KPI-USC-04-202604","M018","KPI-USC-04","2026-04-01","0.95","0.95","0.93","meeting"
"KR-M018-KPI-ERR-05-202604","M018","KPI-ERR-05","2026-04-01","0.812","0.8","0.75","meeting"
"KR-M018-KPI-CSI-06-202604","M018","KPI-CSI-06","2026-04-01","0.77","0.75","0.7","meeting"
"KR-M018-KPI-VDQ-01-202605","M018","KPI-VDQ-01","2026-05-01","0.8667","0.85","0.75","meeting"
"KR-M018-KPI-SRC-02-202605","M018","KPI-SRC-02","2026-05-01","0.9438","0.9","0.85","meeting"
"KR-M018-KPI-PIT-03-202605","M018","KPI-PIT-03","2026-05-01","6","5","7","approaching"
"KR-M018-KPI-USC-04-202605","M018","KPI-USC-04","2026-05-01","0.95","0.95","0.93","meeting"
"KR-M018-KPI-ERR-05-202605","M018","KPI-ERR-05","2026-05-01","0.812","0.8","0.75","meeting"
"KR-M018-KPI-CSI-06-202605","M018","KPI-CSI-06","2026-05-01","0.77","0.75","0.7","meeting"
"KR-M018-KPI-VDQ-01-202606","M018","KPI-VDQ-01","2026-06-01","0.8667","0.85","0.75","meeting"
"KR-M018-KPI-SRC-02-202606","M018","KPI-SRC-02","2026-06-01","0.9444","0.9","0.85","meeting"
"KR-M018-KPI-PIT-03-202606","M018","KPI-PIT-03","2026-06-01","6","5","7","approaching"
"KR-M018-KPI-USC-04-202606","M018","KPI-USC-04","2026-06-01","0.95","0.95","0.93","meeting"
"KR-M018-KPI-ERR-05-202606","M018","KPI-ERR-05","2026-06-01","0.812","0.8","0.75","meeting"
"KR-M018-KPI-CSI-06-202606","M018","KPI-CSI-06","2026-06-01","0.77","0.75","0.7","meeting"
"KR-M019-KPI-VDQ-01-202501","M019","KPI-VDQ-01","2025-01-01","0.875","0.85","0.75","meeting"
"KR-M019-KPI-SRC-02-202501","M019","KPI-SRC-02","2025-01-01","0.9412","0.9","0.85","meeting"
"KR-M019-KPI-PIT-03-202501","M019","KPI-PIT-03","2025-01-01","6.3","5","7","approaching"
"KR-M019-KPI-USC-04-202501","M019","KPI-USC-04","2025-01-01","0.947","0.95","0.93","approaching"
"KR-M019-KPI-ERR-05-202501","M019","KPI-ERR-05","2025-01-01","0.808","0.8","0.75","meeting"
"KR-M019-KPI-CSI-06-202501","M019","KPI-CSI-06","2025-01-01","0.767","0.75","0.7","meeting"
"KR-M019-KPI-VDQ-01-202502","M019","KPI-VDQ-01","2025-02-01","0.875","0.85","0.75","meeting"
"KR-M019-KPI-SRC-02-202502","M019","KPI-SRC-02","2025-02-01","0.9419","0.9","0.85","meeting"
"KR-M019-KPI-PIT-03-202502","M019","KPI-PIT-03","2025-02-01","6.3","5","7","approaching"
"KR-M019-KPI-USC-04-202502","M019","KPI-USC-04","2025-02-01","0.947","0.95","0.93","approaching"
"KR-M019-KPI-ERR-05-202502","M019","KPI-ERR-05","2025-02-01","0.808","0.8","0.75","meeting"
"KR-M019-KPI-CSI-06-202502","M019","KPI-CSI-06","2025-02-01","0.767","0.75","0.7","meeting"
"KR-M019-KPI-VDQ-01-202503","M019","KPI-VDQ-01","2025-03-01","0.875","0.85","0.75","meeting"
"KR-M019-KPI-SRC-02-202503","M019","KPI-SRC-02","2025-03-01","0.9425","0.9","0.85","meeting"
"KR-M019-KPI-PIT-03-202503","M019","KPI-PIT-03","2025-03-01","6.3","5","7","approaching"
"KR-M019-KPI-USC-04-202503","M019","KPI-USC-04","2025-03-01","0.947","0.95","0.93","approaching"
"KR-M019-KPI-ERR-05-202503","M019","KPI-ERR-05","2025-03-01","0.808","0.8","0.75","meeting"
"KR-M019-KPI-CSI-06-202503","M019","KPI-CSI-06","2025-03-01","0.767","0.75","0.7","meeting"
"KR-M019-KPI-VDQ-01-202504","M019","KPI-VDQ-01","2025-04-01","0.875","0.85","0.75","meeting"
"KR-M019-KPI-SRC-02-202504","M019","KPI-SRC-02","2025-04-01","0.9432","0.9","0.85","meeting"
"KR-M019-KPI-PIT-03-202504","M019","KPI-PIT-03","2025-04-01","6.3","5","7","approaching"
"KR-M019-KPI-USC-04-202504","M019","KPI-USC-04","2025-04-01","0.947","0.95","0.93","approaching"
"KR-M019-KPI-ERR-05-202504","M019","KPI-ERR-05","2025-04-01","0.808","0.8","0.75","meeting"
"KR-M019-KPI-CSI-06-202504","M019","KPI-CSI-06","2025-04-01","0.767","0.75","0.7","meeting"
"KR-M019-KPI-VDQ-01-202505","M019","KPI-VDQ-01","2025-05-01","0.875","0.85","0.75","meeting"
"KR-M019-KPI-SRC-02-202505","M019","KPI-SRC-02","2025-05-01","0.9438","0.9","0.85","meeting"
"KR-M019-KPI-PIT-03-202505","M019","KPI-PIT-03","2025-05-01","6.3","5","7","approaching"
"KR-M019-KPI-USC-04-202505","M019","KPI-USC-04","2025-05-01","0.947","0.95","0.93","approaching"
"KR-M019-KPI-ERR-05-202505","M019","KPI-ERR-05","2025-05-01","0.808","0.8","0.75","meeting"
"KR-M019-KPI-CSI-06-202505","M019","KPI-CSI-06","2025-05-01","0.767","0.75","0.7","meeting"
"KR-M019-KPI-VDQ-01-202506","M019","KPI-VDQ-01","2025-06-01","0.875","0.85","0.75","meeting"
"KR-M019-KPI-SRC-02-202506","M019","KPI-SRC-02","2025-06-01","0.9444","0.9","0.85","meeting"
"KR-M019-KPI-PIT-03-202506","M019","KPI-PIT-03","2025-06-01","6.3","5","7","approaching"
"KR-M019-KPI-USC-04-202506","M019","KPI-USC-04","2025-06-01","0.947","0.95","0.93","approaching"
"KR-M019-KPI-ERR-05-202506","M019","KPI-ERR-05","2025-06-01","0.808","0.8","0.75","meeting"
"KR-M019-KPI-CSI-06-202506","M019","KPI-CSI-06","2025-06-01","0.767","0.75","0.7","meeting"
"KR-M019-KPI-VDQ-01-202507","M019","KPI-VDQ-01","2025-07-01","0.875","0.85","0.75","meeting"
"KR-M019-KPI-SRC-02-202507","M019","KPI-SRC-02","2025-07-01","0.9451","0.9","0.85","meeting"
"KR-M019-KPI-PIT-03-202507","M019","KPI-PIT-03","2025-07-01","6.3","5","7","approaching"
"KR-M019-KPI-USC-04-202507","M019","KPI-USC-04","2025-07-01","0.947","0.95","0.93","approaching"
"KR-M019-KPI-ERR-05-202507","M019","KPI-ERR-05","2025-07-01","0.808","0.8","0.75","meeting"
"KR-M019-KPI-CSI-06-202507","M019","KPI-CSI-06","2025-07-01","0.767","0.75","0.7","meeting"
"KR-M019-KPI-VDQ-01-202508","M019","KPI-VDQ-01","2025-08-01","0.875","0.85","0.75","meeting"
"KR-M019-KPI-SRC-02-202508","M019","KPI-SRC-02","2025-08-01","0.9457","0.9","0.85","meeting"
"KR-M019-KPI-PIT-03-202508","M019","KPI-PIT-03","2025-08-01","6.3","5","7","approaching"
"KR-M019-KPI-USC-04-202508","M019","KPI-USC-04","2025-08-01","0.947","0.95","0.93","approaching"
"KR-M019-KPI-ERR-05-202508","M019","KPI-ERR-05","2025-08-01","0.808","0.8","0.75","meeting"
"KR-M019-KPI-CSI-06-202508","M019","KPI-CSI-06","2025-08-01","0.767","0.75","0.7","meeting"
"KR-M019-KPI-VDQ-01-202509","M019","KPI-VDQ-01","2025-09-01","0.875","0.85","0.75","meeting"
"KR-M019-KPI-SRC-02-202509","M019","KPI-SRC-02","2025-09-01","0.9462","0.9","0.85","meeting"
"KR-M019-KPI-PIT-03-202509","M019","KPI-PIT-03","2025-09-01","6.3","5","7","approaching"
"KR-M019-KPI-USC-04-202509","M019","KPI-USC-04","2025-09-01","0.947","0.95","0.93","approaching"
"KR-M019-KPI-ERR-05-202509","M019","KPI-ERR-05","2025-09-01","0.808","0.8","0.75","meeting"
"KR-M019-KPI-CSI-06-202509","M019","KPI-CSI-06","2025-09-01","0.767","0.75","0.7","meeting"
"KR-M019-KPI-VDQ-01-202510","M019","KPI-VDQ-01","2025-10-01","0.875","0.85","0.75","meeting"
"KR-M019-KPI-SRC-02-202510","M019","KPI-SRC-02","2025-10-01","0.9468","0.9","0.85","meeting"
"KR-M019-KPI-PIT-03-202510","M019","KPI-PIT-03","2025-10-01","6.3","5","7","approaching"
"KR-M019-KPI-USC-04-202510","M019","KPI-USC-04","2025-10-01","0.947","0.95","0.93","approaching"
"KR-M019-KPI-ERR-05-202510","M019","KPI-ERR-05","2025-10-01","0.808","0.8","0.75","meeting"
"KR-M019-KPI-CSI-06-202510","M019","KPI-CSI-06","2025-10-01","0.767","0.75","0.7","meeting"
"KR-M019-KPI-VDQ-01-202511","M019","KPI-VDQ-01","2025-11-01","0.875","0.85","0.75","meeting"
"KR-M019-KPI-SRC-02-202511","M019","KPI-SRC-02","2025-11-01","0.9474","0.9","0.85","meeting"
"KR-M019-KPI-PIT-03-202511","M019","KPI-PIT-03","2025-11-01","6.3","5","7","approaching"
"KR-M019-KPI-USC-04-202511","M019","KPI-USC-04","2025-11-01","0.947","0.95","0.93","approaching"
"KR-M019-KPI-ERR-05-202511","M019","KPI-ERR-05","2025-11-01","0.808","0.8","0.75","meeting"
"KR-M019-KPI-CSI-06-202511","M019","KPI-CSI-06","2025-11-01","0.767","0.75","0.7","meeting"
"KR-M019-KPI-VDQ-01-202512","M019","KPI-VDQ-01","2025-12-01","0.875","0.85","0.75","meeting"
"KR-M019-KPI-SRC-02-202512","M019","KPI-SRC-02","2025-12-01","0.9479","0.9","0.85","meeting"
"KR-M019-KPI-PIT-03-202512","M019","KPI-PIT-03","2025-12-01","6.3","5","7","approaching"
"KR-M019-KPI-USC-04-202512","M019","KPI-USC-04","2025-12-01","0.947","0.95","0.93","approaching"
"KR-M019-KPI-ERR-05-202512","M019","KPI-ERR-05","2025-12-01","0.808","0.8","0.75","meeting"
"KR-M019-KPI-CSI-06-202512","M019","KPI-CSI-06","2025-12-01","0.767","0.75","0.7","meeting"
"KR-M019-KPI-VDQ-01-202601","M019","KPI-VDQ-01","2026-01-01","0.875","0.85","0.75","meeting"
"KR-M019-KPI-SRC-02-202601","M019","KPI-SRC-02","2026-01-01","0.9412","0.9","0.85","meeting"
"KR-M019-KPI-PIT-03-202601","M019","KPI-PIT-03","2026-01-01","6.3","5","7","approaching"
"KR-M019-KPI-USC-04-202601","M019","KPI-USC-04","2026-01-01","0.947","0.95","0.93","approaching"
"KR-M019-KPI-ERR-05-202601","M019","KPI-ERR-05","2026-01-01","0.808","0.8","0.75","meeting"
"KR-M019-KPI-CSI-06-202601","M019","KPI-CSI-06","2026-01-01","0.767","0.75","0.7","meeting"
"KR-M019-KPI-VDQ-01-202602","M019","KPI-VDQ-01","2026-02-01","0.875","0.85","0.75","meeting"
"KR-M019-KPI-SRC-02-202602","M019","KPI-SRC-02","2026-02-01","0.9419","0.9","0.85","meeting"
"KR-M019-KPI-PIT-03-202602","M019","KPI-PIT-03","2026-02-01","6.3","5","7","approaching"
"KR-M019-KPI-USC-04-202602","M019","KPI-USC-04","2026-02-01","0.947","0.95","0.93","approaching"
"KR-M019-KPI-ERR-05-202602","M019","KPI-ERR-05","2026-02-01","0.808","0.8","0.75","meeting"
"KR-M019-KPI-CSI-06-202602","M019","KPI-CSI-06","2026-02-01","0.767","0.75","0.7","meeting"
"KR-M019-KPI-VDQ-01-202603","M019","KPI-VDQ-01","2026-03-01","0.875","0.85","0.75","meeting"
"KR-M019-KPI-SRC-02-202603","M019","KPI-SRC-02","2026-03-01","0.9425","0.9","0.85","meeting"
"KR-M019-KPI-PIT-03-202603","M019","KPI-PIT-03","2026-03-01","6.3","5","7","approaching"
"KR-M019-KPI-USC-04-202603","M019","KPI-USC-04","2026-03-01","0.947","0.95","0.93","approaching"
"KR-M019-KPI-ERR-05-202603","M019","KPI-ERR-05","2026-03-01","0.808","0.8","0.75","meeting"
"KR-M019-KPI-CSI-06-202603","M019","KPI-CSI-06","2026-03-01","0.767","0.75","0.7","meeting"
"KR-M019-KPI-VDQ-01-202604","M019","KPI-VDQ-01","2026-04-01","0.875","0.85","0.75","meeting"
"KR-M019-KPI-SRC-02-202604","M019","KPI-SRC-02","2026-04-01","0.9432","0.9","0.85","meeting"
"KR-M019-KPI-PIT-03-202604","M019","KPI-PIT-03","2026-04-01","6.3","5","7","approaching"
"KR-M019-KPI-USC-04-202604","M019","KPI-USC-04","2026-04-01","0.947","0.95","0.93","approaching"
"KR-M019-KPI-ERR-05-202604","M019","KPI-ERR-05","2026-04-01","0.808","0.8","0.75","meeting"
"KR-M019-KPI-CSI-06-202604","M019","KPI-CSI-06","2026-04-01","0.767","0.75","0.7","meeting"
"KR-M019-KPI-VDQ-01-202605","M019","KPI-VDQ-01","2026-05-01","0.875","0.85","0.75","meeting"
"KR-M019-KPI-SRC-02-202605","M019","KPI-SRC-02","2026-05-01","0.9438","0.9","0.85","meeting"
"KR-M019-KPI-PIT-03-202605","M019","KPI-PIT-03","2026-05-01","6.3","5","7","approaching"
"KR-M019-KPI-USC-04-202605","M019","KPI-USC-04","2026-05-01","0.947","0.95","0.93","approaching"
"KR-M019-KPI-ERR-05-202605","M019","KPI-ERR-05","2026-05-01","0.808","0.8","0.75","meeting"
"KR-M019-KPI-CSI-06-202605","M019","KPI-CSI-06","2026-05-01","0.767","0.75","0.7","meeting"
"KR-M019-KPI-VDQ-01-202606","M019","KPI-VDQ-01","2026-06-01","0.875","0.85","0.75","meeting"
"KR-M019-KPI-SRC-02-202606","M019","KPI-SRC-02","2026-06-01","0.9444","0.9","0.85","meeting"
"KR-M019-KPI-PIT-03-202606","M019","KPI-PIT-03","2026-06-01","6.3","5","7","approaching"
"KR-M019-KPI-USC-04-202606","M019","KPI-USC-04","2026-06-01","0.947","0.95","0.93","approaching"
"KR-M019-KPI-ERR-05-202606","M019","KPI-ERR-05","2026-06-01","0.808","0.8","0.75","meeting"
"KR-M019-KPI-CSI-06-202606","M019","KPI-CSI-06","2026-06-01","0.767","0.75","0.7","meeting"
"KR-M020-KPI-VDQ-01-202501","M020","KPI-VDQ-01","2025-01-01","0.8333","0.85","0.75","approaching"
"KR-M020-KPI-SRC-02-202501","M020","KPI-SRC-02","2025-01-01","0.9412","0.9","0.85","meeting"
"KR-M020-KPI-PIT-03-202501","M020","KPI-PIT-03","2025-01-01","5.4","5","7","approaching"
"KR-M020-KPI-USC-04-202501","M020","KPI-USC-04","2025-01-01","0.944","0.95","0.93","approaching"
"KR-M020-KPI-ERR-05-202501","M020","KPI-ERR-05","2025-01-01","0.82","0.8","0.75","meeting"
"KR-M020-KPI-CSI-06-202501","M020","KPI-CSI-06","2025-01-01","0.764","0.75","0.7","meeting"
"KR-M020-KPI-VDQ-01-202502","M020","KPI-VDQ-01","2025-02-01","0.8333","0.85","0.75","approaching"
"KR-M020-KPI-SRC-02-202502","M020","KPI-SRC-02","2025-02-01","0.9419","0.9","0.85","meeting"
"KR-M020-KPI-PIT-03-202502","M020","KPI-PIT-03","2025-02-01","5.4","5","7","approaching"
"KR-M020-KPI-USC-04-202502","M020","KPI-USC-04","2025-02-01","0.944","0.95","0.93","approaching"
"KR-M020-KPI-ERR-05-202502","M020","KPI-ERR-05","2025-02-01","0.82","0.8","0.75","meeting"
"KR-M020-KPI-CSI-06-202502","M020","KPI-CSI-06","2025-02-01","0.764","0.75","0.7","meeting"
"KR-M020-KPI-VDQ-01-202503","M020","KPI-VDQ-01","2025-03-01","0.8333","0.85","0.75","approaching"
"KR-M020-KPI-SRC-02-202503","M020","KPI-SRC-02","2025-03-01","0.9425","0.9","0.85","meeting"
"KR-M020-KPI-PIT-03-202503","M020","KPI-PIT-03","2025-03-01","5.4","5","7","approaching"
"KR-M020-KPI-USC-04-202503","M020","KPI-USC-04","2025-03-01","0.944","0.95","0.93","approaching"
"KR-M020-KPI-ERR-05-202503","M020","KPI-ERR-05","2025-03-01","0.82","0.8","0.75","meeting"
"KR-M020-KPI-CSI-06-202503","M020","KPI-CSI-06","2025-03-01","0.764","0.75","0.7","meeting"
"KR-M020-KPI-VDQ-01-202504","M020","KPI-VDQ-01","2025-04-01","0.8333","0.85","0.75","approaching"
"KR-M020-KPI-SRC-02-202504","M020","KPI-SRC-02","2025-04-01","0.9432","0.9","0.85","meeting"
"KR-M020-KPI-PIT-03-202504","M020","KPI-PIT-03","2025-04-01","5.4","5","7","approaching"
"KR-M020-KPI-USC-04-202504","M020","KPI-USC-04","2025-04-01","0.944","0.95","0.93","approaching"
"KR-M020-KPI-ERR-05-202504","M020","KPI-ERR-05","2025-04-01","0.82","0.8","0.75","meeting"
"KR-M020-KPI-CSI-06-202504","M020","KPI-CSI-06","2025-04-01","0.764","0.75","0.7","meeting"
"KR-M020-KPI-VDQ-01-202505","M020","KPI-VDQ-01","2025-05-01","0.8333","0.85","0.75","approaching"
"KR-M020-KPI-SRC-02-202505","M020","KPI-SRC-02","2025-05-01","0.9438","0.9","0.85","meeting"
"KR-M020-KPI-PIT-03-202505","M020","KPI-PIT-03","2025-05-01","5.4","5","7","approaching"
"KR-M020-KPI-USC-04-202505","M020","KPI-USC-04","2025-05-01","0.944","0.95","0.93","approaching"
"KR-M020-KPI-ERR-05-202505","M020","KPI-ERR-05","2025-05-01","0.82","0.8","0.75","meeting"
"KR-M020-KPI-CSI-06-202505","M020","KPI-CSI-06","2025-05-01","0.764","0.75","0.7","meeting"
"KR-M020-KPI-VDQ-01-202506","M020","KPI-VDQ-01","2025-06-01","0.8333","0.85","0.75","approaching"
"KR-M020-KPI-SRC-02-202506","M020","KPI-SRC-02","2025-06-01","0.9444","0.9","0.85","meeting"
"KR-M020-KPI-PIT-03-202506","M020","KPI-PIT-03","2025-06-01","5.4","5","7","approaching"
"KR-M020-KPI-USC-04-202506","M020","KPI-USC-04","2025-06-01","0.944","0.95","0.93","approaching"
"KR-M020-KPI-ERR-05-202506","M020","KPI-ERR-05","2025-06-01","0.82","0.8","0.75","meeting"
"KR-M020-KPI-CSI-06-202506","M020","KPI-CSI-06","2025-06-01","0.764","0.75","0.7","meeting"
"KR-M020-KPI-VDQ-01-202507","M020","KPI-VDQ-01","2025-07-01","0.8333","0.85","0.75","approaching"
"KR-M020-KPI-SRC-02-202507","M020","KPI-SRC-02","2025-07-01","0.9451","0.9","0.85","meeting"
"KR-M020-KPI-PIT-03-202507","M020","KPI-PIT-03","2025-07-01","5.4","5","7","approaching"
"KR-M020-KPI-USC-04-202507","M020","KPI-USC-04","2025-07-01","0.944","0.95","0.93","approaching"
"KR-M020-KPI-ERR-05-202507","M020","KPI-ERR-05","2025-07-01","0.82","0.8","0.75","meeting"
"KR-M020-KPI-CSI-06-202507","M020","KPI-CSI-06","2025-07-01","0.764","0.75","0.7","meeting"
"KR-M020-KPI-VDQ-01-202508","M020","KPI-VDQ-01","2025-08-01","0.8333","0.85","0.75","approaching"
"KR-M020-KPI-SRC-02-202508","M020","KPI-SRC-02","2025-08-01","0.9457","0.9","0.85","meeting"
"KR-M020-KPI-PIT-03-202508","M020","KPI-PIT-03","2025-08-01","5.4","5","7","approaching"
"KR-M020-KPI-USC-04-202508","M020","KPI-USC-04","2025-08-01","0.944","0.95","0.93","approaching"
"KR-M020-KPI-ERR-05-202508","M020","KPI-ERR-05","2025-08-01","0.82","0.8","0.75","meeting"
"KR-M020-KPI-CSI-06-202508","M020","KPI-CSI-06","2025-08-01","0.764","0.75","0.7","meeting"
"KR-M020-KPI-VDQ-01-202509","M020","KPI-VDQ-01","2025-09-01","0.8333","0.85","0.75","approaching"
"KR-M020-KPI-SRC-02-202509","M020","KPI-SRC-02","2025-09-01","0.9462","0.9","0.85","meeting"
"KR-M020-KPI-PIT-03-202509","M020","KPI-PIT-03","2025-09-01","5.4","5","7","approaching"
"KR-M020-KPI-USC-04-202509","M020","KPI-USC-04","2025-09-01","0.944","0.95","0.93","approaching"
"KR-M020-KPI-ERR-05-202509","M020","KPI-ERR-05","2025-09-01","0.82","0.8","0.75","meeting"
"KR-M020-KPI-CSI-06-202509","M020","KPI-CSI-06","2025-09-01","0.764","0.75","0.7","meeting"
"KR-M020-KPI-VDQ-01-202510","M020","KPI-VDQ-01","2025-10-01","0.8333","0.85","0.75","approaching"
"KR-M020-KPI-SRC-02-202510","M020","KPI-SRC-02","2025-10-01","0.9468","0.9","0.85","meeting"
"KR-M020-KPI-PIT-03-202510","M020","KPI-PIT-03","2025-10-01","5.4","5","7","approaching"
"KR-M020-KPI-USC-04-202510","M020","KPI-USC-04","2025-10-01","0.944","0.95","0.93","approaching"
"KR-M020-KPI-ERR-05-202510","M020","KPI-ERR-05","2025-10-01","0.82","0.8","0.75","meeting"
"KR-M020-KPI-CSI-06-202510","M020","KPI-CSI-06","2025-10-01","0.764","0.75","0.7","meeting"
"KR-M020-KPI-VDQ-01-202511","M020","KPI-VDQ-01","2025-11-01","0.8333","0.85","0.75","approaching"
"KR-M020-KPI-SRC-02-202511","M020","KPI-SRC-02","2025-11-01","0.9474","0.9","0.85","meeting"
"KR-M020-KPI-PIT-03-202511","M020","KPI-PIT-03","2025-11-01","5.4","5","7","approaching"
"KR-M020-KPI-USC-04-202511","M020","KPI-USC-04","2025-11-01","0.944","0.95","0.93","approaching"
"KR-M020-KPI-ERR-05-202511","M020","KPI-ERR-05","2025-11-01","0.82","0.8","0.75","meeting"
"KR-M020-KPI-CSI-06-202511","M020","KPI-CSI-06","2025-11-01","0.764","0.75","0.7","meeting"
"KR-M020-KPI-VDQ-01-202512","M020","KPI-VDQ-01","2025-12-01","0.8333","0.85","0.75","approaching"
"KR-M020-KPI-SRC-02-202512","M020","KPI-SRC-02","2025-12-01","0.9479","0.9","0.85","meeting"
"KR-M020-KPI-PIT-03-202512","M020","KPI-PIT-03","2025-12-01","5.4","5","7","approaching"
"KR-M020-KPI-USC-04-202512","M020","KPI-USC-04","2025-12-01","0.944","0.95","0.93","approaching"
"KR-M020-KPI-ERR-05-202512","M020","KPI-ERR-05","2025-12-01","0.82","0.8","0.75","meeting"
"KR-M020-KPI-CSI-06-202512","M020","KPI-CSI-06","2025-12-01","0.764","0.75","0.7","meeting"
"KR-M020-KPI-VDQ-01-202601","M020","KPI-VDQ-01","2026-01-01","0.8333","0.85","0.75","approaching"
"KR-M020-KPI-SRC-02-202601","M020","KPI-SRC-02","2026-01-01","0.9412","0.9","0.85","meeting"
"KR-M020-KPI-PIT-03-202601","M020","KPI-PIT-03","2026-01-01","5.4","5","7","approaching"
"KR-M020-KPI-USC-04-202601","M020","KPI-USC-04","2026-01-01","0.944","0.95","0.93","approaching"
"KR-M020-KPI-ERR-05-202601","M020","KPI-ERR-05","2026-01-01","0.82","0.8","0.75","meeting"
"KR-M020-KPI-CSI-06-202601","M020","KPI-CSI-06","2026-01-01","0.764","0.75","0.7","meeting"
"KR-M020-KPI-VDQ-01-202602","M020","KPI-VDQ-01","2026-02-01","0.8333","0.85","0.75","approaching"
"KR-M020-KPI-SRC-02-202602","M020","KPI-SRC-02","2026-02-01","0.9419","0.9","0.85","meeting"
"KR-M020-KPI-PIT-03-202602","M020","KPI-PIT-03","2026-02-01","5.4","5","7","approaching"
"KR-M020-KPI-USC-04-202602","M020","KPI-USC-04","2026-02-01","0.944","0.95","0.93","approaching"
"KR-M020-KPI-ERR-05-202602","M020","KPI-ERR-05","2026-02-01","0.82","0.8","0.75","meeting"
"KR-M020-KPI-CSI-06-202602","M020","KPI-CSI-06","2026-02-01","0.764","0.75","0.7","meeting"
"KR-M020-KPI-VDQ-01-202603","M020","KPI-VDQ-01","2026-03-01","0.8333","0.85","0.75","approaching"
"KR-M020-KPI-SRC-02-202603","M020","KPI-SRC-02","2026-03-01","0.9425","0.9","0.85","meeting"
"KR-M020-KPI-PIT-03-202603","M020","KPI-PIT-03","2026-03-01","5.4","5","7","approaching"
"KR-M020-KPI-USC-04-202603","M020","KPI-USC-04","2026-03-01","0.944","0.95","0.93","approaching"
"KR-M020-KPI-ERR-05-202603","M020","KPI-ERR-05","2026-03-01","0.82","0.8","0.75","meeting"
"KR-M020-KPI-CSI-06-202603","M020","KPI-CSI-06","2026-03-01","0.764","0.75","0.7","meeting"
"KR-M020-KPI-VDQ-01-202604","M020","KPI-VDQ-01","2026-04-01","0.8333","0.85","0.75","approaching"
"KR-M020-KPI-SRC-02-202604","M020","KPI-SRC-02","2026-04-01","0.9432","0.9","0.85","meeting"
"KR-M020-KPI-PIT-03-202604","M020","KPI-PIT-03","2026-04-01","5.4","5","7","approaching"
"KR-M020-KPI-USC-04-202604","M020","KPI-USC-04","2026-04-01","0.944","0.95","0.93","approaching"
"KR-M020-KPI-ERR-05-202604","M020","KPI-ERR-05","2026-04-01","0.82","0.8","0.75","meeting"
"KR-M020-KPI-CSI-06-202604","M020","KPI-CSI-06","2026-04-01","0.764","0.75","0.7","meeting"
"KR-M020-KPI-VDQ-01-202605","M020","KPI-VDQ-01","2026-05-01","0.8333","0.85","0.75","approaching"
"KR-M020-KPI-SRC-02-202605","M020","KPI-SRC-02","2026-05-01","0.9438","0.9","0.85","meeting"
"KR-M020-KPI-PIT-03-202605","M020","KPI-PIT-03","2026-05-01","5.4","5","7","approaching"
"KR-M020-KPI-USC-04-202605","M020","KPI-USC-04","2026-05-01","0.944","0.95","0.93","approaching"
"KR-M020-KPI-ERR-05-202605","M020","KPI-ERR-05","2026-05-01","0.82","0.8","0.75","meeting"
"KR-M020-KPI-CSI-06-202605","M020","KPI-CSI-06","2026-05-01","0.764","0.75","0.7","meeting"
"KR-M020-KPI-VDQ-01-202606","M020","KPI-VDQ-01","2026-06-01","0.8333","0.85","0.75","approaching"
"KR-M020-KPI-SRC-02-202606","M020","KPI-SRC-02","2026-06-01","0.9444","0.9","0.85","meeting"
"KR-M020-KPI-PIT-03-202606","M020","KPI-PIT-03","2026-06-01","5.4","5","7","approaching"
"KR-M020-KPI-USC-04-202606","M020","KPI-USC-04","2026-06-01","0.944","0.95","0.93","approaching"
"KR-M020-KPI-ERR-05-202606","M020","KPI-ERR-05","2026-06-01","0.82","0.8","0.75","meeting"
"KR-M020-KPI-CSI-06-202606","M020","KPI-CSI-06","2026-06-01","0.764","0.75","0.7","meeting"
"KR-M021-KPI-VDQ-01-202501","M021","KPI-VDQ-01","2025-01-01","0.8462","0.85","0.75","approaching"
"KR-M021-KPI-SRC-02-202501","M021","KPI-SRC-02","2025-01-01","0.9432","0.9","0.85","meeting"
"KR-M021-KPI-PIT-03-202501","M021","KPI-PIT-03","2025-01-01","5.7","5","7","approaching"
"KR-M021-KPI-USC-04-202501","M021","KPI-USC-04","2025-01-01","0.95","0.95","0.93","meeting"
"KR-M021-KPI-ERR-05-202501","M021","KPI-ERR-05","2025-01-01","0.816","0.8","0.75","meeting"
"KR-M021-KPI-CSI-06-202501","M021","KPI-CSI-06","2025-01-01","0.761","0.75","0.7","meeting"
"KR-M021-KPI-VDQ-01-202502","M021","KPI-VDQ-01","2025-02-01","0.8462","0.85","0.75","approaching"
"KR-M021-KPI-SRC-02-202502","M021","KPI-SRC-02","2025-02-01","0.9438","0.9","0.85","meeting"
"KR-M021-KPI-PIT-03-202502","M021","KPI-PIT-03","2025-02-01","5.7","5","7","approaching"
"KR-M021-KPI-USC-04-202502","M021","KPI-USC-04","2025-02-01","0.95","0.95","0.93","meeting"
"KR-M021-KPI-ERR-05-202502","M021","KPI-ERR-05","2025-02-01","0.816","0.8","0.75","meeting"
"KR-M021-KPI-CSI-06-202502","M021","KPI-CSI-06","2025-02-01","0.761","0.75","0.7","meeting"
"KR-M021-KPI-VDQ-01-202503","M021","KPI-VDQ-01","2025-03-01","0.8462","0.85","0.75","approaching"
"KR-M021-KPI-SRC-02-202503","M021","KPI-SRC-02","2025-03-01","0.9444","0.9","0.85","meeting"
"KR-M021-KPI-PIT-03-202503","M021","KPI-PIT-03","2025-03-01","5.7","5","7","approaching"
"KR-M021-KPI-USC-04-202503","M021","KPI-USC-04","2025-03-01","0.95","0.95","0.93","meeting"
"KR-M021-KPI-ERR-05-202503","M021","KPI-ERR-05","2025-03-01","0.816","0.8","0.75","meeting"
"KR-M021-KPI-CSI-06-202503","M021","KPI-CSI-06","2025-03-01","0.761","0.75","0.7","meeting"
"KR-M021-KPI-VDQ-01-202504","M021","KPI-VDQ-01","2025-04-01","0.8462","0.85","0.75","approaching"
"KR-M021-KPI-SRC-02-202504","M021","KPI-SRC-02","2025-04-01","0.9451","0.9","0.85","meeting"
"KR-M021-KPI-PIT-03-202504","M021","KPI-PIT-03","2025-04-01","5.7","5","7","approaching"
"KR-M021-KPI-USC-04-202504","M021","KPI-USC-04","2025-04-01","0.95","0.95","0.93","meeting"
"KR-M021-KPI-ERR-05-202504","M021","KPI-ERR-05","2025-04-01","0.816","0.8","0.75","meeting"
"KR-M021-KPI-CSI-06-202504","M021","KPI-CSI-06","2025-04-01","0.761","0.75","0.7","meeting"
"KR-M021-KPI-VDQ-01-202505","M021","KPI-VDQ-01","2025-05-01","0.8462","0.85","0.75","approaching"
"KR-M021-KPI-SRC-02-202505","M021","KPI-SRC-02","2025-05-01","0.9457","0.9","0.85","meeting"
"KR-M021-KPI-PIT-03-202505","M021","KPI-PIT-03","2025-05-01","5.7","5","7","approaching"
"KR-M021-KPI-USC-04-202505","M021","KPI-USC-04","2025-05-01","0.95","0.95","0.93","meeting"
"KR-M021-KPI-ERR-05-202505","M021","KPI-ERR-05","2025-05-01","0.816","0.8","0.75","meeting"
"KR-M021-KPI-CSI-06-202505","M021","KPI-CSI-06","2025-05-01","0.761","0.75","0.7","meeting"
"KR-M021-KPI-VDQ-01-202506","M021","KPI-VDQ-01","2025-06-01","0.8462","0.85","0.75","approaching"
"KR-M021-KPI-SRC-02-202506","M021","KPI-SRC-02","2025-06-01","0.9462","0.9","0.85","meeting"
"KR-M021-KPI-PIT-03-202506","M021","KPI-PIT-03","2025-06-01","5.7","5","7","approaching"
"KR-M021-KPI-USC-04-202506","M021","KPI-USC-04","2025-06-01","0.95","0.95","0.93","meeting"
"KR-M021-KPI-ERR-05-202506","M021","KPI-ERR-05","2025-06-01","0.816","0.8","0.75","meeting"
"KR-M021-KPI-CSI-06-202506","M021","KPI-CSI-06","2025-06-01","0.761","0.75","0.7","meeting"
"KR-M021-KPI-VDQ-01-202507","M021","KPI-VDQ-01","2025-07-01","0.8462","0.85","0.75","approaching"
"KR-M021-KPI-SRC-02-202507","M021","KPI-SRC-02","2025-07-01","0.9468","0.9","0.85","meeting"
"KR-M021-KPI-PIT-03-202507","M021","KPI-PIT-03","2025-07-01","5.7","5","7","approaching"
"KR-M021-KPI-USC-04-202507","M021","KPI-USC-04","2025-07-01","0.95","0.95","0.93","meeting"
"KR-M021-KPI-ERR-05-202507","M021","KPI-ERR-05","2025-07-01","0.816","0.8","0.75","meeting"
"KR-M021-KPI-CSI-06-202507","M021","KPI-CSI-06","2025-07-01","0.761","0.75","0.7","meeting"
"KR-M021-KPI-VDQ-01-202508","M021","KPI-VDQ-01","2025-08-01","0.8462","0.85","0.75","approaching"
"KR-M021-KPI-SRC-02-202508","M021","KPI-SRC-02","2025-08-01","0.9474","0.9","0.85","meeting"
"KR-M021-KPI-PIT-03-202508","M021","KPI-PIT-03","2025-08-01","5.7","5","7","approaching"
"KR-M021-KPI-USC-04-202508","M021","KPI-USC-04","2025-08-01","0.95","0.95","0.93","meeting"
"KR-M021-KPI-ERR-05-202508","M021","KPI-ERR-05","2025-08-01","0.816","0.8","0.75","meeting"
"KR-M021-KPI-CSI-06-202508","M021","KPI-CSI-06","2025-08-01","0.761","0.75","0.7","meeting"
"KR-M021-KPI-VDQ-01-202509","M021","KPI-VDQ-01","2025-09-01","0.8462","0.85","0.75","approaching"
"KR-M021-KPI-SRC-02-202509","M021","KPI-SRC-02","2025-09-01","0.9479","0.9","0.85","meeting"
"KR-M021-KPI-PIT-03-202509","M021","KPI-PIT-03","2025-09-01","5.7","5","7","approaching"
"KR-M021-KPI-USC-04-202509","M021","KPI-USC-04","2025-09-01","0.95","0.95","0.93","meeting"
"KR-M021-KPI-ERR-05-202509","M021","KPI-ERR-05","2025-09-01","0.816","0.8","0.75","meeting"
"KR-M021-KPI-CSI-06-202509","M021","KPI-CSI-06","2025-09-01","0.761","0.75","0.7","meeting"
"KR-M021-KPI-VDQ-01-202510","M021","KPI-VDQ-01","2025-10-01","0.8462","0.85","0.75","approaching"
"KR-M021-KPI-SRC-02-202510","M021","KPI-SRC-02","2025-10-01","0.9485","0.9","0.85","meeting"
"KR-M021-KPI-PIT-03-202510","M021","KPI-PIT-03","2025-10-01","5.7","5","7","approaching"
"KR-M021-KPI-USC-04-202510","M021","KPI-USC-04","2025-10-01","0.95","0.95","0.93","meeting"
"KR-M021-KPI-ERR-05-202510","M021","KPI-ERR-05","2025-10-01","0.816","0.8","0.75","meeting"
"KR-M021-KPI-CSI-06-202510","M021","KPI-CSI-06","2025-10-01","0.761","0.75","0.7","meeting"
"KR-M021-KPI-VDQ-01-202511","M021","KPI-VDQ-01","2025-11-01","0.8462","0.85","0.75","approaching"
"KR-M021-KPI-SRC-02-202511","M021","KPI-SRC-02","2025-11-01","0.949","0.9","0.85","meeting"
"KR-M021-KPI-PIT-03-202511","M021","KPI-PIT-03","2025-11-01","5.7","5","7","approaching"
"KR-M021-KPI-USC-04-202511","M021","KPI-USC-04","2025-11-01","0.95","0.95","0.93","meeting"
"KR-M021-KPI-ERR-05-202511","M021","KPI-ERR-05","2025-11-01","0.816","0.8","0.75","meeting"
"KR-M021-KPI-CSI-06-202511","M021","KPI-CSI-06","2025-11-01","0.761","0.75","0.7","meeting"
"KR-M021-KPI-VDQ-01-202512","M021","KPI-VDQ-01","2025-12-01","0.8462","0.85","0.75","approaching"
"KR-M021-KPI-SRC-02-202512","M021","KPI-SRC-02","2025-12-01","0.9495","0.9","0.85","meeting"
"KR-M021-KPI-PIT-03-202512","M021","KPI-PIT-03","2025-12-01","5.7","5","7","approaching"
"KR-M021-KPI-USC-04-202512","M021","KPI-USC-04","2025-12-01","0.95","0.95","0.93","meeting"
"KR-M021-KPI-ERR-05-202512","M021","KPI-ERR-05","2025-12-01","0.816","0.8","0.75","meeting"
"KR-M021-KPI-CSI-06-202512","M021","KPI-CSI-06","2025-12-01","0.761","0.75","0.7","meeting"
"KR-M021-KPI-VDQ-01-202601","M021","KPI-VDQ-01","2026-01-01","0.8462","0.85","0.75","approaching"
"KR-M021-KPI-SRC-02-202601","M021","KPI-SRC-02","2026-01-01","0.9432","0.9","0.85","meeting"
"KR-M021-KPI-PIT-03-202601","M021","KPI-PIT-03","2026-01-01","5.7","5","7","approaching"
"KR-M021-KPI-USC-04-202601","M021","KPI-USC-04","2026-01-01","0.95","0.95","0.93","meeting"
"KR-M021-KPI-ERR-05-202601","M021","KPI-ERR-05","2026-01-01","0.816","0.8","0.75","meeting"
"KR-M021-KPI-CSI-06-202601","M021","KPI-CSI-06","2026-01-01","0.761","0.75","0.7","meeting"
"KR-M021-KPI-VDQ-01-202602","M021","KPI-VDQ-01","2026-02-01","0.8462","0.85","0.75","approaching"
"KR-M021-KPI-SRC-02-202602","M021","KPI-SRC-02","2026-02-01","0.9438","0.9","0.85","meeting"
"KR-M021-KPI-PIT-03-202602","M021","KPI-PIT-03","2026-02-01","5.7","5","7","approaching"
"KR-M021-KPI-USC-04-202602","M021","KPI-USC-04","2026-02-01","0.95","0.95","0.93","meeting"
"KR-M021-KPI-ERR-05-202602","M021","KPI-ERR-05","2026-02-01","0.816","0.8","0.75","meeting"
"KR-M021-KPI-CSI-06-202602","M021","KPI-CSI-06","2026-02-01","0.761","0.75","0.7","meeting"
"KR-M021-KPI-VDQ-01-202603","M021","KPI-VDQ-01","2026-03-01","0.8462","0.85","0.75","approaching"
"KR-M021-KPI-SRC-02-202603","M021","KPI-SRC-02","2026-03-01","0.9444","0.9","0.85","meeting"
"KR-M021-KPI-PIT-03-202603","M021","KPI-PIT-03","2026-03-01","5.7","5","7","approaching"
"KR-M021-KPI-USC-04-202603","M021","KPI-USC-04","2026-03-01","0.95","0.95","0.93","meeting"
"KR-M021-KPI-ERR-05-202603","M021","KPI-ERR-05","2026-03-01","0.816","0.8","0.75","meeting"
"KR-M021-KPI-CSI-06-202603","M021","KPI-CSI-06","2026-03-01","0.761","0.75","0.7","meeting"
"KR-M021-KPI-VDQ-01-202604","M021","KPI-VDQ-01","2026-04-01","0.8462","0.85","0.75","approaching"
"KR-M021-KPI-SRC-02-202604","M021","KPI-SRC-02","2026-04-01","0.9451","0.9","0.85","meeting"
"KR-M021-KPI-PIT-03-202604","M021","KPI-PIT-03","2026-04-01","5.7","5","7","approaching"
"KR-M021-KPI-USC-04-202604","M021","KPI-USC-04","2026-04-01","0.95","0.95","0.93","meeting"
"KR-M021-KPI-ERR-05-202604","M021","KPI-ERR-05","2026-04-01","0.816","0.8","0.75","meeting"
"KR-M021-KPI-CSI-06-202604","M021","KPI-CSI-06","2026-04-01","0.761","0.75","0.7","meeting"
"KR-M021-KPI-VDQ-01-202605","M021","KPI-VDQ-01","2026-05-01","0.8462","0.85","0.75","approaching"
"KR-M021-KPI-SRC-02-202605","M021","KPI-SRC-02","2026-05-01","0.9457","0.9","0.85","meeting"
"KR-M021-KPI-PIT-03-202605","M021","KPI-PIT-03","2026-05-01","5.7","5","7","approaching"
"KR-M021-KPI-USC-04-202605","M021","KPI-USC-04","2026-05-01","0.95","0.95","0.93","meeting"
"KR-M021-KPI-ERR-05-202605","M021","KPI-ERR-05","2026-05-01","0.816","0.8","0.75","meeting"
"KR-M021-KPI-CSI-06-202605","M021","KPI-CSI-06","2026-05-01","0.761","0.75","0.7","meeting"
"KR-M021-KPI-VDQ-01-202606","M021","KPI-VDQ-01","2026-06-01","0.8462","0.85","0.75","approaching"
"KR-M021-KPI-SRC-02-202606","M021","KPI-SRC-02","2026-06-01","0.9462","0.9","0.85","meeting"
"KR-M021-KPI-PIT-03-202606","M021","KPI-PIT-03","2026-06-01","5.7","5","7","approaching"
"KR-M021-KPI-USC-04-202606","M021","KPI-USC-04","2026-06-01","0.95","0.95","0.93","meeting"
"KR-M021-KPI-ERR-05-202606","M021","KPI-ERR-05","2026-06-01","0.816","0.8","0.75","meeting"
"KR-M021-KPI-CSI-06-202606","M021","KPI-CSI-06","2026-06-01","0.761","0.75","0.7","meeting"
"KR-M022-KPI-VDQ-01-202501","M022","KPI-VDQ-01","2025-01-01","0.8571","0.85","0.75","meeting"
"KR-M022-KPI-SRC-02-202501","M022","KPI-SRC-02","2025-01-01","0.9432","0.9","0.85","meeting"
"KR-M022-KPI-PIT-03-202501","M022","KPI-PIT-03","2025-01-01","6","5","7","approaching"
"KR-M022-KPI-USC-04-202501","M022","KPI-USC-04","2025-01-01","0.947","0.95","0.93","approaching"
"KR-M022-KPI-ERR-05-202501","M022","KPI-ERR-05","2025-01-01","0.812","0.8","0.75","meeting"
"KR-M022-KPI-CSI-06-202501","M022","KPI-CSI-06","2025-01-01","0.758","0.75","0.7","meeting"
"KR-M022-KPI-VDQ-01-202502","M022","KPI-VDQ-01","2025-02-01","0.8571","0.85","0.75","meeting"
"KR-M022-KPI-SRC-02-202502","M022","KPI-SRC-02","2025-02-01","0.9438","0.9","0.85","meeting"
"KR-M022-KPI-PIT-03-202502","M022","KPI-PIT-03","2025-02-01","6","5","7","approaching"
"KR-M022-KPI-USC-04-202502","M022","KPI-USC-04","2025-02-01","0.947","0.95","0.93","approaching"
"KR-M022-KPI-ERR-05-202502","M022","KPI-ERR-05","2025-02-01","0.812","0.8","0.75","meeting"
"KR-M022-KPI-CSI-06-202502","M022","KPI-CSI-06","2025-02-01","0.758","0.75","0.7","meeting"
"KR-M022-KPI-VDQ-01-202503","M022","KPI-VDQ-01","2025-03-01","0.8571","0.85","0.75","meeting"
"KR-M022-KPI-SRC-02-202503","M022","KPI-SRC-02","2025-03-01","0.9444","0.9","0.85","meeting"
"KR-M022-KPI-PIT-03-202503","M022","KPI-PIT-03","2025-03-01","6","5","7","approaching"
"KR-M022-KPI-USC-04-202503","M022","KPI-USC-04","2025-03-01","0.947","0.95","0.93","approaching"
"KR-M022-KPI-ERR-05-202503","M022","KPI-ERR-05","2025-03-01","0.812","0.8","0.75","meeting"
"KR-M022-KPI-CSI-06-202503","M022","KPI-CSI-06","2025-03-01","0.758","0.75","0.7","meeting"
"KR-M022-KPI-VDQ-01-202504","M022","KPI-VDQ-01","2025-04-01","0.8571","0.85","0.75","meeting"
"KR-M022-KPI-SRC-02-202504","M022","KPI-SRC-02","2025-04-01","0.9451","0.9","0.85","meeting"
"KR-M022-KPI-PIT-03-202504","M022","KPI-PIT-03","2025-04-01","6","5","7","approaching"
"KR-M022-KPI-USC-04-202504","M022","KPI-USC-04","2025-04-01","0.947","0.95","0.93","approaching"
"KR-M022-KPI-ERR-05-202504","M022","KPI-ERR-05","2025-04-01","0.812","0.8","0.75","meeting"
"KR-M022-KPI-CSI-06-202504","M022","KPI-CSI-06","2025-04-01","0.758","0.75","0.7","meeting"
"KR-M022-KPI-VDQ-01-202505","M022","KPI-VDQ-01","2025-05-01","0.8571","0.85","0.75","meeting"
"KR-M022-KPI-SRC-02-202505","M022","KPI-SRC-02","2025-05-01","0.9457","0.9","0.85","meeting"
"KR-M022-KPI-PIT-03-202505","M022","KPI-PIT-03","2025-05-01","6","5","7","approaching"
"KR-M022-KPI-USC-04-202505","M022","KPI-USC-04","2025-05-01","0.947","0.95","0.93","approaching"
"KR-M022-KPI-ERR-05-202505","M022","KPI-ERR-05","2025-05-01","0.812","0.8","0.75","meeting"
"KR-M022-KPI-CSI-06-202505","M022","KPI-CSI-06","2025-05-01","0.758","0.75","0.7","meeting"
"KR-M022-KPI-VDQ-01-202506","M022","KPI-VDQ-01","2025-06-01","0.8571","0.85","0.75","meeting"
"KR-M022-KPI-SRC-02-202506","M022","KPI-SRC-02","2025-06-01","0.9462","0.9","0.85","meeting"
"KR-M022-KPI-PIT-03-202506","M022","KPI-PIT-03","2025-06-01","6","5","7","approaching"
"KR-M022-KPI-USC-04-202506","M022","KPI-USC-04","2025-06-01","0.947","0.95","0.93","approaching"
"KR-M022-KPI-ERR-05-202506","M022","KPI-ERR-05","2025-06-01","0.812","0.8","0.75","meeting"
"KR-M022-KPI-CSI-06-202506","M022","KPI-CSI-06","2025-06-01","0.758","0.75","0.7","meeting"
"KR-M022-KPI-VDQ-01-202507","M022","KPI-VDQ-01","2025-07-01","0.8571","0.85","0.75","meeting"
"KR-M022-KPI-SRC-02-202507","M022","KPI-SRC-02","2025-07-01","0.9468","0.9","0.85","meeting"
"KR-M022-KPI-PIT-03-202507","M022","KPI-PIT-03","2025-07-01","6","5","7","approaching"
"KR-M022-KPI-USC-04-202507","M022","KPI-USC-04","2025-07-01","0.947","0.95","0.93","approaching"
"KR-M022-KPI-ERR-05-202507","M022","KPI-ERR-05","2025-07-01","0.812","0.8","0.75","meeting"
"KR-M022-KPI-CSI-06-202507","M022","KPI-CSI-06","2025-07-01","0.758","0.75","0.7","meeting"
"KR-M022-KPI-VDQ-01-202508","M022","KPI-VDQ-01","2025-08-01","0.8571","0.85","0.75","meeting"
"KR-M022-KPI-SRC-02-202508","M022","KPI-SRC-02","2025-08-01","0.9474","0.9","0.85","meeting"
"KR-M022-KPI-PIT-03-202508","M022","KPI-PIT-03","2025-08-01","6","5","7","approaching"
"KR-M022-KPI-USC-04-202508","M022","KPI-USC-04","2025-08-01","0.947","0.95","0.93","approaching"
"KR-M022-KPI-ERR-05-202508","M022","KPI-ERR-05","2025-08-01","0.812","0.8","0.75","meeting"
"KR-M022-KPI-CSI-06-202508","M022","KPI-CSI-06","2025-08-01","0.758","0.75","0.7","meeting"
"KR-M022-KPI-VDQ-01-202509","M022","KPI-VDQ-01","2025-09-01","0.8571","0.85","0.75","meeting"
"KR-M022-KPI-SRC-02-202509","M022","KPI-SRC-02","2025-09-01","0.9479","0.9","0.85","meeting"
"KR-M022-KPI-PIT-03-202509","M022","KPI-PIT-03","2025-09-01","6","5","7","approaching"
"KR-M022-KPI-USC-04-202509","M022","KPI-USC-04","2025-09-01","0.947","0.95","0.93","approaching"
"KR-M022-KPI-ERR-05-202509","M022","KPI-ERR-05","2025-09-01","0.812","0.8","0.75","meeting"
"KR-M022-KPI-CSI-06-202509","M022","KPI-CSI-06","2025-09-01","0.758","0.75","0.7","meeting"
"KR-M022-KPI-VDQ-01-202510","M022","KPI-VDQ-01","2025-10-01","0.8571","0.85","0.75","meeting"
"KR-M022-KPI-SRC-02-202510","M022","KPI-SRC-02","2025-10-01","0.9485","0.9","0.85","meeting"
"KR-M022-KPI-PIT-03-202510","M022","KPI-PIT-03","2025-10-01","6","5","7","approaching"
"KR-M022-KPI-USC-04-202510","M022","KPI-USC-04","2025-10-01","0.947","0.95","0.93","approaching"
"KR-M022-KPI-ERR-05-202510","M022","KPI-ERR-05","2025-10-01","0.812","0.8","0.75","meeting"
"KR-M022-KPI-CSI-06-202510","M022","KPI-CSI-06","2025-10-01","0.758","0.75","0.7","meeting"
"KR-M022-KPI-VDQ-01-202511","M022","KPI-VDQ-01","2025-11-01","0.8571","0.85","0.75","meeting"
"KR-M022-KPI-SRC-02-202511","M022","KPI-SRC-02","2025-11-01","0.949","0.9","0.85","meeting"
"KR-M022-KPI-PIT-03-202511","M022","KPI-PIT-03","2025-11-01","6","5","7","approaching"
"KR-M022-KPI-USC-04-202511","M022","KPI-USC-04","2025-11-01","0.947","0.95","0.93","approaching"
"KR-M022-KPI-ERR-05-202511","M022","KPI-ERR-05","2025-11-01","0.812","0.8","0.75","meeting"
"KR-M022-KPI-CSI-06-202511","M022","KPI-CSI-06","2025-11-01","0.758","0.75","0.7","meeting"
"KR-M022-KPI-VDQ-01-202512","M022","KPI-VDQ-01","2025-12-01","0.8571","0.85","0.75","meeting"
"KR-M022-KPI-SRC-02-202512","M022","KPI-SRC-02","2025-12-01","0.9495","0.9","0.85","meeting"
"KR-M022-KPI-PIT-03-202512","M022","KPI-PIT-03","2025-12-01","6","5","7","approaching"
"KR-M022-KPI-USC-04-202512","M022","KPI-USC-04","2025-12-01","0.947","0.95","0.93","approaching"
"KR-M022-KPI-ERR-05-202512","M022","KPI-ERR-05","2025-12-01","0.812","0.8","0.75","meeting"
"KR-M022-KPI-CSI-06-202512","M022","KPI-CSI-06","2025-12-01","0.758","0.75","0.7","meeting"
"KR-M022-KPI-VDQ-01-202601","M022","KPI-VDQ-01","2026-01-01","0.8571","0.85","0.75","meeting"
"KR-M022-KPI-SRC-02-202601","M022","KPI-SRC-02","2026-01-01","0.9432","0.9","0.85","meeting"
"KR-M022-KPI-PIT-03-202601","M022","KPI-PIT-03","2026-01-01","6","5","7","approaching"
"KR-M022-KPI-USC-04-202601","M022","KPI-USC-04","2026-01-01","0.947","0.95","0.93","approaching"
"KR-M022-KPI-ERR-05-202601","M022","KPI-ERR-05","2026-01-01","0.812","0.8","0.75","meeting"
"KR-M022-KPI-CSI-06-202601","M022","KPI-CSI-06","2026-01-01","0.758","0.75","0.7","meeting"
"KR-M022-KPI-VDQ-01-202602","M022","KPI-VDQ-01","2026-02-01","0.8571","0.85","0.75","meeting"
"KR-M022-KPI-SRC-02-202602","M022","KPI-SRC-02","2026-02-01","0.9438","0.9","0.85","meeting"
"KR-M022-KPI-PIT-03-202602","M022","KPI-PIT-03","2026-02-01","6","5","7","approaching"
"KR-M022-KPI-USC-04-202602","M022","KPI-USC-04","2026-02-01","0.947","0.95","0.93","approaching"
"KR-M022-KPI-ERR-05-202602","M022","KPI-ERR-05","2026-02-01","0.812","0.8","0.75","meeting"
"KR-M022-KPI-CSI-06-202602","M022","KPI-CSI-06","2026-02-01","0.758","0.75","0.7","meeting"
"KR-M022-KPI-VDQ-01-202603","M022","KPI-VDQ-01","2026-03-01","0.8571","0.85","0.75","meeting"
"KR-M022-KPI-SRC-02-202603","M022","KPI-SRC-02","2026-03-01","0.9444","0.9","0.85","meeting"
"KR-M022-KPI-PIT-03-202603","M022","KPI-PIT-03","2026-03-01","6","5","7","approaching"
"KR-M022-KPI-USC-04-202603","M022","KPI-USC-04","2026-03-01","0.947","0.95","0.93","approaching"
"KR-M022-KPI-ERR-05-202603","M022","KPI-ERR-05","2026-03-01","0.812","0.8","0.75","meeting"
"KR-M022-KPI-CSI-06-202603","M022","KPI-CSI-06","2026-03-01","0.758","0.75","0.7","meeting"
"KR-M022-KPI-VDQ-01-202604","M022","KPI-VDQ-01","2026-04-01","0.8571","0.85","0.75","meeting"
"KR-M022-KPI-SRC-02-202604","M022","KPI-SRC-02","2026-04-01","0.9451","0.9","0.85","meeting"
"KR-M022-KPI-PIT-03-202604","M022","KPI-PIT-03","2026-04-01","6","5","7","approaching"
"KR-M022-KPI-USC-04-202604","M022","KPI-USC-04","2026-04-01","0.947","0.95","0.93","approaching"
"KR-M022-KPI-ERR-05-202604","M022","KPI-ERR-05","2026-04-01","0.812","0.8","0.75","meeting"
"KR-M022-KPI-CSI-06-202604","M022","KPI-CSI-06","2026-04-01","0.758","0.75","0.7","meeting"
"KR-M022-KPI-VDQ-01-202605","M022","KPI-VDQ-01","2026-05-01","0.8571","0.85","0.75","meeting"
"KR-M022-KPI-SRC-02-202605","M022","KPI-SRC-02","2026-05-01","0.9457","0.9","0.85","meeting"
"KR-M022-KPI-PIT-03-202605","M022","KPI-PIT-03","2026-05-01","6","5","7","approaching"
"KR-M022-KPI-USC-04-202605","M022","KPI-USC-04","2026-05-01","0.947","0.95","0.93","approaching"
"KR-M022-KPI-ERR-05-202605","M022","KPI-ERR-05","2026-05-01","0.812","0.8","0.75","meeting"
"KR-M022-KPI-CSI-06-202605","M022","KPI-CSI-06","2026-05-01","0.758","0.75","0.7","meeting"
"KR-M022-KPI-VDQ-01-202606","M022","KPI-VDQ-01","2026-06-01","0.8571","0.85","0.75","meeting"
"KR-M022-KPI-SRC-02-202606","M022","KPI-SRC-02","2026-06-01","0.9462","0.9","0.85","meeting"
"KR-M022-KPI-PIT-03-202606","M022","KPI-PIT-03","2026-06-01","6","5","7","approaching"
"KR-M022-KPI-USC-04-202606","M022","KPI-USC-04","2026-06-01","0.947","0.95","0.93","approaching"
"KR-M022-KPI-ERR-05-202606","M022","KPI-ERR-05","2026-06-01","0.812","0.8","0.75","meeting"
"KR-M022-KPI-CSI-06-202606","M022","KPI-CSI-06","2026-06-01","0.758","0.75","0.7","meeting"
"KR-M023-KPI-VDQ-01-202501","M023","KPI-VDQ-01","2025-01-01","0.8667","0.85","0.75","meeting"
"KR-M023-KPI-SRC-02-202501","M023","KPI-SRC-02","2025-01-01","0.9432","0.9","0.85","meeting"
"KR-M023-KPI-PIT-03-202501","M023","KPI-PIT-03","2025-01-01","6.3","5","7","approaching"
"KR-M023-KPI-USC-04-202501","M023","KPI-USC-04","2025-01-01","0.944","0.95","0.93","approaching"
"KR-M023-KPI-ERR-05-202501","M023","KPI-ERR-05","2025-01-01","0.808","0.8","0.75","meeting"
"KR-M023-KPI-CSI-06-202501","M023","KPI-CSI-06","2025-01-01","0.755","0.75","0.7","meeting"
"KR-M023-KPI-VDQ-01-202502","M023","KPI-VDQ-01","2025-02-01","0.8667","0.85","0.75","meeting"
"KR-M023-KPI-SRC-02-202502","M023","KPI-SRC-02","2025-02-01","0.9438","0.9","0.85","meeting"
"KR-M023-KPI-PIT-03-202502","M023","KPI-PIT-03","2025-02-01","6.3","5","7","approaching"
"KR-M023-KPI-USC-04-202502","M023","KPI-USC-04","2025-02-01","0.944","0.95","0.93","approaching"
"KR-M023-KPI-ERR-05-202502","M023","KPI-ERR-05","2025-02-01","0.808","0.8","0.75","meeting"
"KR-M023-KPI-CSI-06-202502","M023","KPI-CSI-06","2025-02-01","0.755","0.75","0.7","meeting"
"KR-M023-KPI-VDQ-01-202503","M023","KPI-VDQ-01","2025-03-01","0.8667","0.85","0.75","meeting"
"KR-M023-KPI-SRC-02-202503","M023","KPI-SRC-02","2025-03-01","0.9444","0.9","0.85","meeting"
"KR-M023-KPI-PIT-03-202503","M023","KPI-PIT-03","2025-03-01","6.3","5","7","approaching"
"KR-M023-KPI-USC-04-202503","M023","KPI-USC-04","2025-03-01","0.944","0.95","0.93","approaching"
"KR-M023-KPI-ERR-05-202503","M023","KPI-ERR-05","2025-03-01","0.808","0.8","0.75","meeting"
"KR-M023-KPI-CSI-06-202503","M023","KPI-CSI-06","2025-03-01","0.755","0.75","0.7","meeting"
"KR-M023-KPI-VDQ-01-202504","M023","KPI-VDQ-01","2025-04-01","0.8667","0.85","0.75","meeting"
"KR-M023-KPI-SRC-02-202504","M023","KPI-SRC-02","2025-04-01","0.9451","0.9","0.85","meeting"
"KR-M023-KPI-PIT-03-202504","M023","KPI-PIT-03","2025-04-01","6.3","5","7","approaching"
"KR-M023-KPI-USC-04-202504","M023","KPI-USC-04","2025-04-01","0.944","0.95","0.93","approaching"
"KR-M023-KPI-ERR-05-202504","M023","KPI-ERR-05","2025-04-01","0.808","0.8","0.75","meeting"
"KR-M023-KPI-CSI-06-202504","M023","KPI-CSI-06","2025-04-01","0.755","0.75","0.7","meeting"
"KR-M023-KPI-VDQ-01-202505","M023","KPI-VDQ-01","2025-05-01","0.8667","0.85","0.75","meeting"
"KR-M023-KPI-SRC-02-202505","M023","KPI-SRC-02","2025-05-01","0.9457","0.9","0.85","meeting"
"KR-M023-KPI-PIT-03-202505","M023","KPI-PIT-03","2025-05-01","6.3","5","7","approaching"
"KR-M023-KPI-USC-04-202505","M023","KPI-USC-04","2025-05-01","0.944","0.95","0.93","approaching"
"KR-M023-KPI-ERR-05-202505","M023","KPI-ERR-05","2025-05-01","0.808","0.8","0.75","meeting"
"KR-M023-KPI-CSI-06-202505","M023","KPI-CSI-06","2025-05-01","0.755","0.75","0.7","meeting"
"KR-M023-KPI-VDQ-01-202506","M023","KPI-VDQ-01","2025-06-01","0.8667","0.85","0.75","meeting"
"KR-M023-KPI-SRC-02-202506","M023","KPI-SRC-02","2025-06-01","0.9462","0.9","0.85","meeting"
"KR-M023-KPI-PIT-03-202506","M023","KPI-PIT-03","2025-06-01","6.3","5","7","approaching"
"KR-M023-KPI-USC-04-202506","M023","KPI-USC-04","2025-06-01","0.944","0.95","0.93","approaching"
"KR-M023-KPI-ERR-05-202506","M023","KPI-ERR-05","2025-06-01","0.808","0.8","0.75","meeting"
"KR-M023-KPI-CSI-06-202506","M023","KPI-CSI-06","2025-06-01","0.755","0.75","0.7","meeting"
"KR-M023-KPI-VDQ-01-202507","M023","KPI-VDQ-01","2025-07-01","0.8667","0.85","0.75","meeting"
"KR-M023-KPI-SRC-02-202507","M023","KPI-SRC-02","2025-07-01","0.9468","0.9","0.85","meeting"
"KR-M023-KPI-PIT-03-202507","M023","KPI-PIT-03","2025-07-01","6.3","5","7","approaching"
"KR-M023-KPI-USC-04-202507","M023","KPI-USC-04","2025-07-01","0.944","0.95","0.93","approaching"
"KR-M023-KPI-ERR-05-202507","M023","KPI-ERR-05","2025-07-01","0.808","0.8","0.75","meeting"
"KR-M023-KPI-CSI-06-202507","M023","KPI-CSI-06","2025-07-01","0.755","0.75","0.7","meeting"
"KR-M023-KPI-VDQ-01-202508","M023","KPI-VDQ-01","2025-08-01","0.8667","0.85","0.75","meeting"
"KR-M023-KPI-SRC-02-202508","M023","KPI-SRC-02","2025-08-01","0.9474","0.9","0.85","meeting"
"KR-M023-KPI-PIT-03-202508","M023","KPI-PIT-03","2025-08-01","6.3","5","7","approaching"
"KR-M023-KPI-USC-04-202508","M023","KPI-USC-04","2025-08-01","0.944","0.95","0.93","approaching"
"KR-M023-KPI-ERR-05-202508","M023","KPI-ERR-05","2025-08-01","0.808","0.8","0.75","meeting"
"KR-M023-KPI-CSI-06-202508","M023","KPI-CSI-06","2025-08-01","0.755","0.75","0.7","meeting"
"KR-M023-KPI-VDQ-01-202509","M023","KPI-VDQ-01","2025-09-01","0.8667","0.85","0.75","meeting"
"KR-M023-KPI-SRC-02-202509","M023","KPI-SRC-02","2025-09-01","0.9479","0.9","0.85","meeting"
"KR-M023-KPI-PIT-03-202509","M023","KPI-PIT-03","2025-09-01","6.3","5","7","approaching"
"KR-M023-KPI-USC-04-202509","M023","KPI-USC-04","2025-09-01","0.944","0.95","0.93","approaching"
"KR-M023-KPI-ERR-05-202509","M023","KPI-ERR-05","2025-09-01","0.808","0.8","0.75","meeting"
"KR-M023-KPI-CSI-06-202509","M023","KPI-CSI-06","2025-09-01","0.755","0.75","0.7","meeting"
"KR-M023-KPI-VDQ-01-202510","M023","KPI-VDQ-01","2025-10-01","0.8667","0.85","0.75","meeting"
"KR-M023-KPI-SRC-02-202510","M023","KPI-SRC-02","2025-10-01","0.9485","0.9","0.85","meeting"
"KR-M023-KPI-PIT-03-202510","M023","KPI-PIT-03","2025-10-01","6.3","5","7","approaching"
"KR-M023-KPI-USC-04-202510","M023","KPI-USC-04","2025-10-01","0.944","0.95","0.93","approaching"
"KR-M023-KPI-ERR-05-202510","M023","KPI-ERR-05","2025-10-01","0.808","0.8","0.75","meeting"
"KR-M023-KPI-CSI-06-202510","M023","KPI-CSI-06","2025-10-01","0.755","0.75","0.7","meeting"
"KR-M023-KPI-VDQ-01-202511","M023","KPI-VDQ-01","2025-11-01","0.8667","0.85","0.75","meeting"
"KR-M023-KPI-SRC-02-202511","M023","KPI-SRC-02","2025-11-01","0.949","0.9","0.85","meeting"
"KR-M023-KPI-PIT-03-202511","M023","KPI-PIT-03","2025-11-01","6.3","5","7","approaching"
"KR-M023-KPI-USC-04-202511","M023","KPI-USC-04","2025-11-01","0.944","0.95","0.93","approaching"
"KR-M023-KPI-ERR-05-202511","M023","KPI-ERR-05","2025-11-01","0.808","0.8","0.75","meeting"
"KR-M023-KPI-CSI-06-202511","M023","KPI-CSI-06","2025-11-01","0.755","0.75","0.7","meeting"
"KR-M023-KPI-VDQ-01-202512","M023","KPI-VDQ-01","2025-12-01","0.8667","0.85","0.75","meeting"
"KR-M023-KPI-SRC-02-202512","M023","KPI-SRC-02","2025-12-01","0.9495","0.9","0.85","meeting"
"KR-M023-KPI-PIT-03-202512","M023","KPI-PIT-03","2025-12-01","6.3","5","7","approaching"
"KR-M023-KPI-USC-04-202512","M023","KPI-USC-04","2025-12-01","0.944","0.95","0.93","approaching"
"KR-M023-KPI-ERR-05-202512","M023","KPI-ERR-05","2025-12-01","0.808","0.8","0.75","meeting"
"KR-M023-KPI-CSI-06-202512","M023","KPI-CSI-06","2025-12-01","0.755","0.75","0.7","meeting"
"KR-M023-KPI-VDQ-01-202601","M023","KPI-VDQ-01","2026-01-01","0.8667","0.85","0.75","meeting"
"KR-M023-KPI-SRC-02-202601","M023","KPI-SRC-02","2026-01-01","0.9432","0.9","0.85","meeting"
"KR-M023-KPI-PIT-03-202601","M023","KPI-PIT-03","2026-01-01","6.3","5","7","approaching"
"KR-M023-KPI-USC-04-202601","M023","KPI-USC-04","2026-01-01","0.944","0.95","0.93","approaching"
"KR-M023-KPI-ERR-05-202601","M023","KPI-ERR-05","2026-01-01","0.808","0.8","0.75","meeting"
"KR-M023-KPI-CSI-06-202601","M023","KPI-CSI-06","2026-01-01","0.755","0.75","0.7","meeting"
"KR-M023-KPI-VDQ-01-202602","M023","KPI-VDQ-01","2026-02-01","0.8667","0.85","0.75","meeting"
"KR-M023-KPI-SRC-02-202602","M023","KPI-SRC-02","2026-02-01","0.9438","0.9","0.85","meeting"
"KR-M023-KPI-PIT-03-202602","M023","KPI-PIT-03","2026-02-01","6.3","5","7","approaching"
"KR-M023-KPI-USC-04-202602","M023","KPI-USC-04","2026-02-01","0.944","0.95","0.93","approaching"
"KR-M023-KPI-ERR-05-202602","M023","KPI-ERR-05","2026-02-01","0.808","0.8","0.75","meeting"
"KR-M023-KPI-CSI-06-202602","M023","KPI-CSI-06","2026-02-01","0.755","0.75","0.7","meeting"
"KR-M023-KPI-VDQ-01-202603","M023","KPI-VDQ-01","2026-03-01","0.8667","0.85","0.75","meeting"
"KR-M023-KPI-SRC-02-202603","M023","KPI-SRC-02","2026-03-01","0.9444","0.9","0.85","meeting"
"KR-M023-KPI-PIT-03-202603","M023","KPI-PIT-03","2026-03-01","6.3","5","7","approaching"
"KR-M023-KPI-USC-04-202603","M023","KPI-USC-04","2026-03-01","0.944","0.95","0.93","approaching"
"KR-M023-KPI-ERR-05-202603","M023","KPI-ERR-05","2026-03-01","0.808","0.8","0.75","meeting"
"KR-M023-KPI-CSI-06-202603","M023","KPI-CSI-06","2026-03-01","0.755","0.75","0.7","meeting"
"KR-M023-KPI-VDQ-01-202604","M023","KPI-VDQ-01","2026-04-01","0.8667","0.85","0.75","meeting"
"KR-M023-KPI-SRC-02-202604","M023","KPI-SRC-02","2026-04-01","0.9451","0.9","0.85","meeting"
"KR-M023-KPI-PIT-03-202604","M023","KPI-PIT-03","2026-04-01","6.3","5","7","approaching"
"KR-M023-KPI-USC-04-202604","M023","KPI-USC-04","2026-04-01","0.944","0.95","0.93","approaching"
"KR-M023-KPI-ERR-05-202604","M023","KPI-ERR-05","2026-04-01","0.808","0.8","0.75","meeting"
"KR-M023-KPI-CSI-06-202604","M023","KPI-CSI-06","2026-04-01","0.755","0.75","0.7","meeting"
"KR-M023-KPI-VDQ-01-202605","M023","KPI-VDQ-01","2026-05-01","0.8667","0.85","0.75","meeting"
"KR-M023-KPI-SRC-02-202605","M023","KPI-SRC-02","2026-05-01","0.9457","0.9","0.85","meeting"
"KR-M023-KPI-PIT-03-202605","M023","KPI-PIT-03","2026-05-01","6.3","5","7","approaching"
"KR-M023-KPI-USC-04-202605","M023","KPI-USC-04","2026-05-01","0.944","0.95","0.93","approaching"
"KR-M023-KPI-ERR-05-202605","M023","KPI-ERR-05","2026-05-01","0.808","0.8","0.75","meeting"
"KR-M023-KPI-CSI-06-202605","M023","KPI-CSI-06","2026-05-01","0.755","0.75","0.7","meeting"
"KR-M023-KPI-VDQ-01-202606","M023","KPI-VDQ-01","2026-06-01","0.8667","0.85","0.75","meeting"
"KR-M023-KPI-SRC-02-202606","M023","KPI-SRC-02","2026-06-01","0.9462","0.9","0.85","meeting"
"KR-M023-KPI-PIT-03-202606","M023","KPI-PIT-03","2026-06-01","6.3","5","7","approaching"
"KR-M023-KPI-USC-04-202606","M023","KPI-USC-04","2026-06-01","0.944","0.95","0.93","approaching"
"KR-M023-KPI-ERR-05-202606","M023","KPI-ERR-05","2026-06-01","0.808","0.8","0.75","meeting"
"KR-M023-KPI-CSI-06-202606","M023","KPI-CSI-06","2026-06-01","0.755","0.75","0.7","meeting"
"KR-M024-KPI-VDQ-01-202501","M024","KPI-VDQ-01","2025-01-01","0.875","0.85","0.75","meeting"
"KR-M024-KPI-SRC-02-202501","M024","KPI-SRC-02","2025-01-01","0.9451","0.9","0.85","meeting"
"KR-M024-KPI-PIT-03-202501","M024","KPI-PIT-03","2025-01-01","5.4","5","7","approaching"
"KR-M024-KPI-USC-04-202501","M024","KPI-USC-04","2025-01-01","0.95","0.95","0.93","meeting"
"KR-M024-KPI-ERR-05-202501","M024","KPI-ERR-05","2025-01-01","0.82","0.8","0.75","meeting"
"KR-M024-KPI-CSI-06-202501","M024","KPI-CSI-06","2025-01-01","0.77","0.75","0.7","meeting"
"KR-M024-KPI-VDQ-01-202502","M024","KPI-VDQ-01","2025-02-01","0.875","0.85","0.75","meeting"
"KR-M024-KPI-SRC-02-202502","M024","KPI-SRC-02","2025-02-01","0.9457","0.9","0.85","meeting"
"KR-M024-KPI-PIT-03-202502","M024","KPI-PIT-03","2025-02-01","5.4","5","7","approaching"
"KR-M024-KPI-USC-04-202502","M024","KPI-USC-04","2025-02-01","0.95","0.95","0.93","meeting"
"KR-M024-KPI-ERR-05-202502","M024","KPI-ERR-05","2025-02-01","0.82","0.8","0.75","meeting"
"KR-M024-KPI-CSI-06-202502","M024","KPI-CSI-06","2025-02-01","0.77","0.75","0.7","meeting"
"KR-M024-KPI-VDQ-01-202503","M024","KPI-VDQ-01","2025-03-01","0.875","0.85","0.75","meeting"
"KR-M024-KPI-SRC-02-202503","M024","KPI-SRC-02","2025-03-01","0.9462","0.9","0.85","meeting"
"KR-M024-KPI-PIT-03-202503","M024","KPI-PIT-03","2025-03-01","5.4","5","7","approaching"
"KR-M024-KPI-USC-04-202503","M024","KPI-USC-04","2025-03-01","0.95","0.95","0.93","meeting"
"KR-M024-KPI-ERR-05-202503","M024","KPI-ERR-05","2025-03-01","0.82","0.8","0.75","meeting"
"KR-M024-KPI-CSI-06-202503","M024","KPI-CSI-06","2025-03-01","0.77","0.75","0.7","meeting"
"KR-M024-KPI-VDQ-01-202504","M024","KPI-VDQ-01","2025-04-01","0.875","0.85","0.75","meeting"
"KR-M024-KPI-SRC-02-202504","M024","KPI-SRC-02","2025-04-01","0.9468","0.9","0.85","meeting"
"KR-M024-KPI-PIT-03-202504","M024","KPI-PIT-03","2025-04-01","5.4","5","7","approaching"
"KR-M024-KPI-USC-04-202504","M024","KPI-USC-04","2025-04-01","0.95","0.95","0.93","meeting"
"KR-M024-KPI-ERR-05-202504","M024","KPI-ERR-05","2025-04-01","0.82","0.8","0.75","meeting"
"KR-M024-KPI-CSI-06-202504","M024","KPI-CSI-06","2025-04-01","0.77","0.75","0.7","meeting"
"KR-M024-KPI-VDQ-01-202505","M024","KPI-VDQ-01","2025-05-01","0.875","0.85","0.75","meeting"
"KR-M024-KPI-SRC-02-202505","M024","KPI-SRC-02","2025-05-01","0.9474","0.9","0.85","meeting"
"KR-M024-KPI-PIT-03-202505","M024","KPI-PIT-03","2025-05-01","5.4","5","7","approaching"
"KR-M024-KPI-USC-04-202505","M024","KPI-USC-04","2025-05-01","0.95","0.95","0.93","meeting"
"KR-M024-KPI-ERR-05-202505","M024","KPI-ERR-05","2025-05-01","0.82","0.8","0.75","meeting"
"KR-M024-KPI-CSI-06-202505","M024","KPI-CSI-06","2025-05-01","0.77","0.75","0.7","meeting"
"KR-M024-KPI-VDQ-01-202506","M024","KPI-VDQ-01","2025-06-01","0.875","0.85","0.75","meeting"
"KR-M024-KPI-SRC-02-202506","M024","KPI-SRC-02","2025-06-01","0.9479","0.9","0.85","meeting"
"KR-M024-KPI-PIT-03-202506","M024","KPI-PIT-03","2025-06-01","5.4","5","7","approaching"
"KR-M024-KPI-USC-04-202506","M024","KPI-USC-04","2025-06-01","0.95","0.95","0.93","meeting"
"KR-M024-KPI-ERR-05-202506","M024","KPI-ERR-05","2025-06-01","0.82","0.8","0.75","meeting"
"KR-M024-KPI-CSI-06-202506","M024","KPI-CSI-06","2025-06-01","0.77","0.75","0.7","meeting"
"KR-M024-KPI-VDQ-01-202507","M024","KPI-VDQ-01","2025-07-01","0.875","0.85","0.75","meeting"
"KR-M024-KPI-SRC-02-202507","M024","KPI-SRC-02","2025-07-01","0.9485","0.9","0.85","meeting"
"KR-M024-KPI-PIT-03-202507","M024","KPI-PIT-03","2025-07-01","5.4","5","7","approaching"
"KR-M024-KPI-USC-04-202507","M024","KPI-USC-04","2025-07-01","0.95","0.95","0.93","meeting"
"KR-M024-KPI-ERR-05-202507","M024","KPI-ERR-05","2025-07-01","0.82","0.8","0.75","meeting"
"KR-M024-KPI-CSI-06-202507","M024","KPI-CSI-06","2025-07-01","0.77","0.75","0.7","meeting"
"KR-M024-KPI-VDQ-01-202508","M024","KPI-VDQ-01","2025-08-01","0.875","0.85","0.75","meeting"
"KR-M024-KPI-SRC-02-202508","M024","KPI-SRC-02","2025-08-01","0.949","0.9","0.85","meeting"
"KR-M024-KPI-PIT-03-202508","M024","KPI-PIT-03","2025-08-01","5.4","5","7","approaching"
"KR-M024-KPI-USC-04-202508","M024","KPI-USC-04","2025-08-01","0.95","0.95","0.93","meeting"
"KR-M024-KPI-ERR-05-202508","M024","KPI-ERR-05","2025-08-01","0.82","0.8","0.75","meeting"
"KR-M024-KPI-CSI-06-202508","M024","KPI-CSI-06","2025-08-01","0.77","0.75","0.7","meeting"
"KR-M024-KPI-VDQ-01-202509","M024","KPI-VDQ-01","2025-09-01","0.875","0.85","0.75","meeting"
"KR-M024-KPI-SRC-02-202509","M024","KPI-SRC-02","2025-09-01","0.9495","0.9","0.85","meeting"
"KR-M024-KPI-PIT-03-202509","M024","KPI-PIT-03","2025-09-01","5.4","5","7","approaching"
"KR-M024-KPI-USC-04-202509","M024","KPI-USC-04","2025-09-01","0.95","0.95","0.93","meeting"
"KR-M024-KPI-ERR-05-202509","M024","KPI-ERR-05","2025-09-01","0.82","0.8","0.75","meeting"
"KR-M024-KPI-CSI-06-202509","M024","KPI-CSI-06","2025-09-01","0.77","0.75","0.7","meeting"
"KR-M024-KPI-VDQ-01-202510","M024","KPI-VDQ-01","2025-10-01","0.875","0.85","0.75","meeting"
"KR-M024-KPI-SRC-02-202510","M024","KPI-SRC-02","2025-10-01","0.95","0.9","0.85","meeting"
"KR-M024-KPI-PIT-03-202510","M024","KPI-PIT-03","2025-10-01","5.4","5","7","approaching"
"KR-M024-KPI-USC-04-202510","M024","KPI-USC-04","2025-10-01","0.95","0.95","0.93","meeting"
"KR-M024-KPI-ERR-05-202510","M024","KPI-ERR-05","2025-10-01","0.82","0.8","0.75","meeting"
"KR-M024-KPI-CSI-06-202510","M024","KPI-CSI-06","2025-10-01","0.77","0.75","0.7","meeting"
"KR-M024-KPI-VDQ-01-202511","M024","KPI-VDQ-01","2025-11-01","0.875","0.85","0.75","meeting"
"KR-M024-KPI-SRC-02-202511","M024","KPI-SRC-02","2025-11-01","0.9505","0.9","0.85","meeting"
"KR-M024-KPI-PIT-03-202511","M024","KPI-PIT-03","2025-11-01","5.4","5","7","approaching"
"KR-M024-KPI-USC-04-202511","M024","KPI-USC-04","2025-11-01","0.95","0.95","0.93","meeting"
"KR-M024-KPI-ERR-05-202511","M024","KPI-ERR-05","2025-11-01","0.82","0.8","0.75","meeting"
"KR-M024-KPI-CSI-06-202511","M024","KPI-CSI-06","2025-11-01","0.77","0.75","0.7","meeting"
"KR-M024-KPI-VDQ-01-202512","M024","KPI-VDQ-01","2025-12-01","0.875","0.85","0.75","meeting"
"KR-M024-KPI-SRC-02-202512","M024","KPI-SRC-02","2025-12-01","0.951","0.9","0.85","meeting"
"KR-M024-KPI-PIT-03-202512","M024","KPI-PIT-03","2025-12-01","5.4","5","7","approaching"
"KR-M024-KPI-USC-04-202512","M024","KPI-USC-04","2025-12-01","0.95","0.95","0.93","meeting"
"KR-M024-KPI-ERR-05-202512","M024","KPI-ERR-05","2025-12-01","0.82","0.8","0.75","meeting"
"KR-M024-KPI-CSI-06-202512","M024","KPI-CSI-06","2025-12-01","0.77","0.75","0.7","meeting"
"KR-M024-KPI-VDQ-01-202601","M024","KPI-VDQ-01","2026-01-01","0.875","0.85","0.75","meeting"
"KR-M024-KPI-SRC-02-202601","M024","KPI-SRC-02","2026-01-01","0.9451","0.9","0.85","meeting"
"KR-M024-KPI-PIT-03-202601","M024","KPI-PIT-03","2026-01-01","5.4","5","7","approaching"
"KR-M024-KPI-USC-04-202601","M024","KPI-USC-04","2026-01-01","0.95","0.95","0.93","meeting"
"KR-M024-KPI-ERR-05-202601","M024","KPI-ERR-05","2026-01-01","0.82","0.8","0.75","meeting"
"KR-M024-KPI-CSI-06-202601","M024","KPI-CSI-06","2026-01-01","0.77","0.75","0.7","meeting"
"KR-M024-KPI-VDQ-01-202602","M024","KPI-VDQ-01","2026-02-01","0.875","0.85","0.75","meeting"
"KR-M024-KPI-SRC-02-202602","M024","KPI-SRC-02","2026-02-01","0.9457","0.9","0.85","meeting"
"KR-M024-KPI-PIT-03-202602","M024","KPI-PIT-03","2026-02-01","5.4","5","7","approaching"
"KR-M024-KPI-USC-04-202602","M024","KPI-USC-04","2026-02-01","0.95","0.95","0.93","meeting"
"KR-M024-KPI-ERR-05-202602","M024","KPI-ERR-05","2026-02-01","0.82","0.8","0.75","meeting"
"KR-M024-KPI-CSI-06-202602","M024","KPI-CSI-06","2026-02-01","0.77","0.75","0.7","meeting"
"KR-M024-KPI-VDQ-01-202603","M024","KPI-VDQ-01","2026-03-01","0.875","0.85","0.75","meeting"
"KR-M024-KPI-SRC-02-202603","M024","KPI-SRC-02","2026-03-01","0.9462","0.9","0.85","meeting"
"KR-M024-KPI-PIT-03-202603","M024","KPI-PIT-03","2026-03-01","5.4","5","7","approaching"
"KR-M024-KPI-USC-04-202603","M024","KPI-USC-04","2026-03-01","0.95","0.95","0.93","meeting"
"KR-M024-KPI-ERR-05-202603","M024","KPI-ERR-05","2026-03-01","0.82","0.8","0.75","meeting"
"KR-M024-KPI-CSI-06-202603","M024","KPI-CSI-06","2026-03-01","0.77","0.75","0.7","meeting"
"KR-M024-KPI-VDQ-01-202604","M024","KPI-VDQ-01","2026-04-01","0.875","0.85","0.75","meeting"
"KR-M024-KPI-SRC-02-202604","M024","KPI-SRC-02","2026-04-01","0.9468","0.9","0.85","meeting"
"KR-M024-KPI-PIT-03-202604","M024","KPI-PIT-03","2026-04-01","5.4","5","7","approaching"
"KR-M024-KPI-USC-04-202604","M024","KPI-USC-04","2026-04-01","0.95","0.95","0.93","meeting"
"KR-M024-KPI-ERR-05-202604","M024","KPI-ERR-05","2026-04-01","0.82","0.8","0.75","meeting"
"KR-M024-KPI-CSI-06-202604","M024","KPI-CSI-06","2026-04-01","0.77","0.75","0.7","meeting"
"KR-M024-KPI-VDQ-01-202605","M024","KPI-VDQ-01","2026-05-01","0.875","0.85","0.75","meeting"
"KR-M024-KPI-SRC-02-202605","M024","KPI-SRC-02","2026-05-01","0.9474","0.9","0.85","meeting"
"KR-M024-KPI-PIT-03-202605","M024","KPI-PIT-03","2026-05-01","5.4","5","7","approaching"
"KR-M024-KPI-USC-04-202605","M024","KPI-USC-04","2026-05-01","0.95","0.95","0.93","meeting"
"KR-M024-KPI-ERR-05-202605","M024","KPI-ERR-05","2026-05-01","0.82","0.8","0.75","meeting"
"KR-M024-KPI-CSI-06-202605","M024","KPI-CSI-06","2026-05-01","0.77","0.75","0.7","meeting"
"KR-M024-KPI-VDQ-01-202606","M024","KPI-VDQ-01","2026-06-01","0.875","0.85","0.75","meeting"
"KR-M024-KPI-SRC-02-202606","M024","KPI-SRC-02","2026-06-01","0.9479","0.9","0.85","meeting"
"KR-M024-KPI-PIT-03-202606","M024","KPI-PIT-03","2026-06-01","5.4","5","7","approaching"
"KR-M024-KPI-USC-04-202606","M024","KPI-USC-04","2026-06-01","0.95","0.95","0.93","meeting"
"KR-M024-KPI-ERR-05-202606","M024","KPI-ERR-05","2026-06-01","0.82","0.8","0.75","meeting"
"KR-M024-KPI-CSI-06-202606","M024","KPI-CSI-06","2026-06-01","0.77","0.75","0.7","meeting"
"KR-M025-KPI-VDQ-01-202501","M025","KPI-VDQ-01","2025-01-01","0.8333","0.85","0.75","approaching"
"KR-M025-KPI-SRC-02-202501","M025","KPI-SRC-02","2025-01-01","0.9451","0.9","0.85","meeting"
"KR-M025-KPI-PIT-03-202501","M025","KPI-PIT-03","2025-01-01","5.7","5","7","approaching"
"KR-M025-KPI-USC-04-202501","M025","KPI-USC-04","2025-01-01","0.947","0.95","0.93","approaching"
"KR-M025-KPI-ERR-05-202501","M025","KPI-ERR-05","2025-01-01","0.816","0.8","0.75","meeting"
"KR-M025-KPI-CSI-06-202501","M025","KPI-CSI-06","2025-01-01","0.767","0.75","0.7","meeting"
"KR-M025-KPI-VDQ-01-202502","M025","KPI-VDQ-01","2025-02-01","0.8333","0.85","0.75","approaching"
"KR-M025-KPI-SRC-02-202502","M025","KPI-SRC-02","2025-02-01","0.9457","0.9","0.85","meeting"
"KR-M025-KPI-PIT-03-202502","M025","KPI-PIT-03","2025-02-01","5.7","5","7","approaching"
"KR-M025-KPI-USC-04-202502","M025","KPI-USC-04","2025-02-01","0.947","0.95","0.93","approaching"
"KR-M025-KPI-ERR-05-202502","M025","KPI-ERR-05","2025-02-01","0.816","0.8","0.75","meeting"
"KR-M025-KPI-CSI-06-202502","M025","KPI-CSI-06","2025-02-01","0.767","0.75","0.7","meeting"
"KR-M025-KPI-VDQ-01-202503","M025","KPI-VDQ-01","2025-03-01","0.8333","0.85","0.75","approaching"
"KR-M025-KPI-SRC-02-202503","M025","KPI-SRC-02","2025-03-01","0.9462","0.9","0.85","meeting"
"KR-M025-KPI-PIT-03-202503","M025","KPI-PIT-03","2025-03-01","5.7","5","7","approaching"
"KR-M025-KPI-USC-04-202503","M025","KPI-USC-04","2025-03-01","0.947","0.95","0.93","approaching"
"KR-M025-KPI-ERR-05-202503","M025","KPI-ERR-05","2025-03-01","0.816","0.8","0.75","meeting"
"KR-M025-KPI-CSI-06-202503","M025","KPI-CSI-06","2025-03-01","0.767","0.75","0.7","meeting"
"KR-M025-KPI-VDQ-01-202504","M025","KPI-VDQ-01","2025-04-01","0.8333","0.85","0.75","approaching"
"KR-M025-KPI-SRC-02-202504","M025","KPI-SRC-02","2025-04-01","0.9468","0.9","0.85","meeting"
"KR-M025-KPI-PIT-03-202504","M025","KPI-PIT-03","2025-04-01","5.7","5","7","approaching"
"KR-M025-KPI-USC-04-202504","M025","KPI-USC-04","2025-04-01","0.947","0.95","0.93","approaching"
"KR-M025-KPI-ERR-05-202504","M025","KPI-ERR-05","2025-04-01","0.816","0.8","0.75","meeting"
"KR-M025-KPI-CSI-06-202504","M025","KPI-CSI-06","2025-04-01","0.767","0.75","0.7","meeting"
"KR-M025-KPI-VDQ-01-202505","M025","KPI-VDQ-01","2025-05-01","0.8333","0.85","0.75","approaching"
"KR-M025-KPI-SRC-02-202505","M025","KPI-SRC-02","2025-05-01","0.9474","0.9","0.85","meeting"
"KR-M025-KPI-PIT-03-202505","M025","KPI-PIT-03","2025-05-01","5.7","5","7","approaching"
"KR-M025-KPI-USC-04-202505","M025","KPI-USC-04","2025-05-01","0.947","0.95","0.93","approaching"
"KR-M025-KPI-ERR-05-202505","M025","KPI-ERR-05","2025-05-01","0.816","0.8","0.75","meeting"
"KR-M025-KPI-CSI-06-202505","M025","KPI-CSI-06","2025-05-01","0.767","0.75","0.7","meeting"
"KR-M025-KPI-VDQ-01-202506","M025","KPI-VDQ-01","2025-06-01","0.8333","0.85","0.75","approaching"
"KR-M025-KPI-SRC-02-202506","M025","KPI-SRC-02","2025-06-01","0.9479","0.9","0.85","meeting"
"KR-M025-KPI-PIT-03-202506","M025","KPI-PIT-03","2025-06-01","5.7","5","7","approaching"
"KR-M025-KPI-USC-04-202506","M025","KPI-USC-04","2025-06-01","0.947","0.95","0.93","approaching"
"KR-M025-KPI-ERR-05-202506","M025","KPI-ERR-05","2025-06-01","0.816","0.8","0.75","meeting"
"KR-M025-KPI-CSI-06-202506","M025","KPI-CSI-06","2025-06-01","0.767","0.75","0.7","meeting"
"KR-M025-KPI-VDQ-01-202507","M025","KPI-VDQ-01","2025-07-01","0.8333","0.85","0.75","approaching"
"KR-M025-KPI-SRC-02-202507","M025","KPI-SRC-02","2025-07-01","0.9485","0.9","0.85","meeting"
"KR-M025-KPI-PIT-03-202507","M025","KPI-PIT-03","2025-07-01","5.7","5","7","approaching"
"KR-M025-KPI-USC-04-202507","M025","KPI-USC-04","2025-07-01","0.947","0.95","0.93","approaching"
"KR-M025-KPI-ERR-05-202507","M025","KPI-ERR-05","2025-07-01","0.816","0.8","0.75","meeting"
"KR-M025-KPI-CSI-06-202507","M025","KPI-CSI-06","2025-07-01","0.767","0.75","0.7","meeting"
"KR-M025-KPI-VDQ-01-202508","M025","KPI-VDQ-01","2025-08-01","0.8333","0.85","0.75","approaching"
"KR-M025-KPI-SRC-02-202508","M025","KPI-SRC-02","2025-08-01","0.949","0.9","0.85","meeting"
"KR-M025-KPI-PIT-03-202508","M025","KPI-PIT-03","2025-08-01","5.7","5","7","approaching"
"KR-M025-KPI-USC-04-202508","M025","KPI-USC-04","2025-08-01","0.947","0.95","0.93","approaching"
"KR-M025-KPI-ERR-05-202508","M025","KPI-ERR-05","2025-08-01","0.816","0.8","0.75","meeting"
"KR-M025-KPI-CSI-06-202508","M025","KPI-CSI-06","2025-08-01","0.767","0.75","0.7","meeting"
"KR-M025-KPI-VDQ-01-202509","M025","KPI-VDQ-01","2025-09-01","0.8333","0.85","0.75","approaching"
"KR-M025-KPI-SRC-02-202509","M025","KPI-SRC-02","2025-09-01","0.9495","0.9","0.85","meeting"
"KR-M025-KPI-PIT-03-202509","M025","KPI-PIT-03","2025-09-01","5.7","5","7","approaching"
"KR-M025-KPI-USC-04-202509","M025","KPI-USC-04","2025-09-01","0.947","0.95","0.93","approaching"
"KR-M025-KPI-ERR-05-202509","M025","KPI-ERR-05","2025-09-01","0.816","0.8","0.75","meeting"
"KR-M025-KPI-CSI-06-202509","M025","KPI-CSI-06","2025-09-01","0.767","0.75","0.7","meeting"
"KR-M025-KPI-VDQ-01-202510","M025","KPI-VDQ-01","2025-10-01","0.8333","0.85","0.75","approaching"
"KR-M025-KPI-SRC-02-202510","M025","KPI-SRC-02","2025-10-01","0.95","0.9","0.85","meeting"
"KR-M025-KPI-PIT-03-202510","M025","KPI-PIT-03","2025-10-01","5.7","5","7","approaching"
"KR-M025-KPI-USC-04-202510","M025","KPI-USC-04","2025-10-01","0.947","0.95","0.93","approaching"
"KR-M025-KPI-ERR-05-202510","M025","KPI-ERR-05","2025-10-01","0.816","0.8","0.75","meeting"
"KR-M025-KPI-CSI-06-202510","M025","KPI-CSI-06","2025-10-01","0.767","0.75","0.7","meeting"
"KR-M025-KPI-VDQ-01-202511","M025","KPI-VDQ-01","2025-11-01","0.8333","0.85","0.75","approaching"
"KR-M025-KPI-SRC-02-202511","M025","KPI-SRC-02","2025-11-01","0.9505","0.9","0.85","meeting"
"KR-M025-KPI-PIT-03-202511","M025","KPI-PIT-03","2025-11-01","5.7","5","7","approaching"
"KR-M025-KPI-USC-04-202511","M025","KPI-USC-04","2025-11-01","0.947","0.95","0.93","approaching"
"KR-M025-KPI-ERR-05-202511","M025","KPI-ERR-05","2025-11-01","0.816","0.8","0.75","meeting"
"KR-M025-KPI-CSI-06-202511","M025","KPI-CSI-06","2025-11-01","0.767","0.75","0.7","meeting"
"KR-M025-KPI-VDQ-01-202512","M025","KPI-VDQ-01","2025-12-01","0.8333","0.85","0.75","approaching"
"KR-M025-KPI-SRC-02-202512","M025","KPI-SRC-02","2025-12-01","0.951","0.9","0.85","meeting"
"KR-M025-KPI-PIT-03-202512","M025","KPI-PIT-03","2025-12-01","5.7","5","7","approaching"
"KR-M025-KPI-USC-04-202512","M025","KPI-USC-04","2025-12-01","0.947","0.95","0.93","approaching"
"KR-M025-KPI-ERR-05-202512","M025","KPI-ERR-05","2025-12-01","0.816","0.8","0.75","meeting"
"KR-M025-KPI-CSI-06-202512","M025","KPI-CSI-06","2025-12-01","0.767","0.75","0.7","meeting"
"KR-M025-KPI-VDQ-01-202601","M025","KPI-VDQ-01","2026-01-01","0.8333","0.85","0.75","approaching"
"KR-M025-KPI-SRC-02-202601","M025","KPI-SRC-02","2026-01-01","0.9451","0.9","0.85","meeting"
"KR-M025-KPI-PIT-03-202601","M025","KPI-PIT-03","2026-01-01","5.7","5","7","approaching"
"KR-M025-KPI-USC-04-202601","M025","KPI-USC-04","2026-01-01","0.947","0.95","0.93","approaching"
"KR-M025-KPI-ERR-05-202601","M025","KPI-ERR-05","2026-01-01","0.816","0.8","0.75","meeting"
"KR-M025-KPI-CSI-06-202601","M025","KPI-CSI-06","2026-01-01","0.767","0.75","0.7","meeting"
"KR-M025-KPI-VDQ-01-202602","M025","KPI-VDQ-01","2026-02-01","0.8333","0.85","0.75","approaching"
"KR-M025-KPI-SRC-02-202602","M025","KPI-SRC-02","2026-02-01","0.9457","0.9","0.85","meeting"
"KR-M025-KPI-PIT-03-202602","M025","KPI-PIT-03","2026-02-01","5.7","5","7","approaching"
"KR-M025-KPI-USC-04-202602","M025","KPI-USC-04","2026-02-01","0.947","0.95","0.93","approaching"
"KR-M025-KPI-ERR-05-202602","M025","KPI-ERR-05","2026-02-01","0.816","0.8","0.75","meeting"
"KR-M025-KPI-CSI-06-202602","M025","KPI-CSI-06","2026-02-01","0.767","0.75","0.7","meeting"
"KR-M025-KPI-VDQ-01-202603","M025","KPI-VDQ-01","2026-03-01","0.8333","0.85","0.75","approaching"
"KR-M025-KPI-SRC-02-202603","M025","KPI-SRC-02","2026-03-01","0.9462","0.9","0.85","meeting"
"KR-M025-KPI-PIT-03-202603","M025","KPI-PIT-03","2026-03-01","5.7","5","7","approaching"
"KR-M025-KPI-USC-04-202603","M025","KPI-USC-04","2026-03-01","0.947","0.95","0.93","approaching"
"KR-M025-KPI-ERR-05-202603","M025","KPI-ERR-05","2026-03-01","0.816","0.8","0.75","meeting"
"KR-M025-KPI-CSI-06-202603","M025","KPI-CSI-06","2026-03-01","0.767","0.75","0.7","meeting"
"KR-M025-KPI-VDQ-01-202604","M025","KPI-VDQ-01","2026-04-01","0.8333","0.85","0.75","approaching"
"KR-M025-KPI-SRC-02-202604","M025","KPI-SRC-02","2026-04-01","0.9468","0.9","0.85","meeting"
"KR-M025-KPI-PIT-03-202604","M025","KPI-PIT-03","2026-04-01","5.7","5","7","approaching"
"KR-M025-KPI-USC-04-202604","M025","KPI-USC-04","2026-04-01","0.947","0.95","0.93","approaching"
"KR-M025-KPI-ERR-05-202604","M025","KPI-ERR-05","2026-04-01","0.816","0.8","0.75","meeting"
"KR-M025-KPI-CSI-06-202604","M025","KPI-CSI-06","2026-04-01","0.767","0.75","0.7","meeting"
"KR-M025-KPI-VDQ-01-202605","M025","KPI-VDQ-01","2026-05-01","0.8333","0.85","0.75","approaching"
"KR-M025-KPI-SRC-02-202605","M025","KPI-SRC-02","2026-05-01","0.9474","0.9","0.85","meeting"
"KR-M025-KPI-PIT-03-202605","M025","KPI-PIT-03","2026-05-01","5.7","5","7","approaching"
"KR-M025-KPI-USC-04-202605","M025","KPI-USC-04","2026-05-01","0.947","0.95","0.93","approaching"
"KR-M025-KPI-ERR-05-202605","M025","KPI-ERR-05","2026-05-01","0.816","0.8","0.75","meeting"
"KR-M025-KPI-CSI-06-202605","M025","KPI-CSI-06","2026-05-01","0.767","0.75","0.7","meeting"
"KR-M025-KPI-VDQ-01-202606","M025","KPI-VDQ-01","2026-06-01","0.8333","0.85","0.75","approaching"
"KR-M025-KPI-SRC-02-202606","M025","KPI-SRC-02","2026-06-01","0.9479","0.9","0.85","meeting"
"KR-M025-KPI-PIT-03-202606","M025","KPI-PIT-03","2026-06-01","5.7","5","7","approaching"
"KR-M025-KPI-USC-04-202606","M025","KPI-USC-04","2026-06-01","0.947","0.95","0.93","approaching"
"KR-M025-KPI-ERR-05-202606","M025","KPI-ERR-05","2026-06-01","0.816","0.8","0.75","meeting"
"KR-M025-KPI-CSI-06-202606","M025","KPI-CSI-06","2026-06-01","0.767","0.75","0.7","meeting"
